0 verbose cli /Users/juanfranciscomanzanogarcia/.nvm/versions/node/v22.22.0/bin/node /Users/juanfranciscomanzanogarcia/.nvm/versions/node/v22.22.0/bin/npm
1 info using npm@10.9.4
2 info using node@v22.22.0
3 silly config load:file:/Users/juanfranciscomanzanogarcia/.nvm/versions/node/v22.22.0/lib/node_modules/npm/npmrc
4 silly config load:file:/Volumes/RespaldoMacbook/UTNG/GROUP-MUSICAL/api-musical-group/.npmrc
5 silly config load:file:/Users/juanfranciscomanzanogarcia/.npmrc
6 silly config load:file:/Users/juanfranciscomanzanogarcia/.nvm/versions/node/v22.22.0/etc/npmrc
7 verbose title npm install jest supertest
8 verbose argv "install" "--save-dev" "jest" "supertest" "--cache" "./.npm-cache" "--no-audit" "--no-fund"
9 verbose logfile logs-max:10 dir:/Volumes/RespaldoMacbook/UTNG/GROUP-MUSICAL/api-musical-group/.npm-cache/_logs/2026-06-26T23_00_38_372Z-
10 verbose logfile /Volumes/RespaldoMacbook/UTNG/GROUP-MUSICAL/api-musical-group/.npm-cache/_logs/2026-06-26T23_00_38_372Z-debug-0.log
11 silly logfile done cleaning log files
12 silly packumentCache heap:2197815296 maxSize:549453824 maxEntrySize:274726912
13 silly idealTree buildDeps
14 silly fetch manifest jest@*
15 silly packumentCache full:https://registry.npmjs.org/jest cache-miss
16 http fetch GET 200 https://registry.npmjs.org/jest 461ms (cache miss)
17 silly packumentCache full:https://registry.npmjs.org/jest set size:undefined disposed:false
18 silly fetch manifest node-notifier@^8.0.1 || ^9.0.0 || ^10.0.0
19 silly packumentCache full:https://registry.npmjs.org/node-notifier cache-miss
20 http fetch GET 200 https://registry.npmjs.org/node-notifier 118ms (cache miss)
21 silly packumentCache full:https://registry.npmjs.org/node-notifier set size:undefined disposed:false
22 silly fetch manifest supertest@*
23 silly packumentCache full:https://registry.npmjs.org/supertest cache-miss
24 http fetch GET 200 https://registry.npmjs.org/supertest 119ms (cache miss)
25 silly packumentCache full:https://registry.npmjs.org/supertest set size:undefined disposed:false
26 silly placeDep ROOT jest@30.4.2 OK for: backend@1.0.0 want: *
27 silly placeDep ROOT supertest@7.2.2 OK for: backend@1.0.0 want: *
28 silly fetch manifest @jest/core@30.4.2
29 silly packumentCache full:https://registry.npmjs.org/@jest%2fcore cache-miss
30 silly fetch manifest @jest/types@30.4.1
31 silly packumentCache full:https://registry.npmjs.org/@jest%2ftypes cache-miss
32 silly fetch manifest import-local@^3.2.0
33 silly packumentCache full:https://registry.npmjs.org/import-local cache-miss
34 silly fetch manifest jest-cli@30.4.2
35 silly packumentCache full:https://registry.npmjs.org/jest-cli cache-miss
36 silly fetch manifest methods@^1.1.2
37 silly packumentCache full:https://registry.npmjs.org/methods cache-miss
38 silly fetch manifest superagent@^10.3.0
39 silly packumentCache full:https://registry.npmjs.org/superagent cache-miss
40 http fetch GET 200 https://registry.npmjs.org/methods 128ms (cache miss)
41 silly packumentCache full:https://registry.npmjs.org/methods set size:undefined disposed:false
42 http fetch GET 200 https://registry.npmjs.org/@jest%2fcore 181ms (cache miss)
43 silly packumentCache full:https://registry.npmjs.org/@jest%2fcore set size:undefined disposed:false
44 http fetch GET 200 https://registry.npmjs.org/jest-cli 198ms (cache miss)
45 silly packumentCache full:https://registry.npmjs.org/jest-cli set size:undefined disposed:false
46 http fetch GET 200 https://registry.npmjs.org/import-local 305ms (cache miss)
47 silly packumentCache full:https://registry.npmjs.org/import-local set size:undefined disposed:false
48 http fetch GET 200 https://registry.npmjs.org/superagent 338ms (cache miss)
49 silly packumentCache full:https://registry.npmjs.org/superagent set size:undefined disposed:false
50 http fetch GET 200 https://registry.npmjs.org/@jest%2ftypes 349ms (cache miss)
51 silly packumentCache full:https://registry.npmjs.org/@jest%2ftypes set size:undefined disposed:false
52 silly placeDep ROOT @jest/core@30.4.2 OK for: jest@30.4.2 want: 30.4.2
53 silly placeDep ROOT @jest/types@30.4.1 OK for: jest@30.4.2 want: 30.4.1
54 silly placeDep ROOT import-local@3.2.0 OK for: jest@30.4.2 want: ^3.2.0
55 silly placeDep ROOT jest-cli@30.4.2 OK for: jest@30.4.2 want: 30.4.2
56 silly fetch manifest @jest/console@30.4.1
57 silly packumentCache full:https://registry.npmjs.org/@jest%2fconsole cache-miss
58 silly fetch manifest @jest/pattern@30.4.0
59 silly packumentCache full:https://registry.npmjs.org/@jest%2fpattern cache-miss
60 silly fetch manifest @jest/reporters@30.4.1
61 silly packumentCache full:https://registry.npmjs.org/@jest%2freporters cache-miss
62 silly fetch manifest @jest/test-result@30.4.1
63 silly packumentCache full:https://registry.npmjs.org/@jest%2ftest-result cache-miss
64 silly fetch manifest @jest/transform@30.4.1
65 silly packumentCache full:https://registry.npmjs.org/@jest%2ftransform cache-miss
66 silly fetch manifest ansi-escapes@^4.3.2
67 silly packumentCache full:https://registry.npmjs.org/ansi-escapes cache-miss
68 silly fetch manifest chalk@^4.1.2
69 silly packumentCache full:https://registry.npmjs.org/chalk cache-miss
70 http fetch GET 200 https://registry.npmjs.org/ansi-escapes 59ms (cache miss)
71 silly packumentCache full:https://registry.npmjs.org/ansi-escapes set size:undefined disposed:false
72 silly fetch manifest ci-info@^4.2.0
73 silly packumentCache full:https://registry.npmjs.org/ci-info cache-miss
74 http fetch GET 200 https://registry.npmjs.org/chalk 114ms (cache miss)
75 silly packumentCache full:https://registry.npmjs.org/chalk set size:undefined disposed:false
76 silly fetch manifest exit-x@^0.2.2
77 silly packumentCache full:https://registry.npmjs.org/exit-x cache-miss
78 http fetch GET 200 https://registry.npmjs.org/@jest%2fpattern 128ms (cache miss)
79 silly packumentCache full:https://registry.npmjs.org/@jest%2fpattern set size:undefined disposed:false
80 silly fetch manifest graceful-fs@^4.2.11
81 silly packumentCache full:https://registry.npmjs.org/graceful-fs cache-miss
82 http fetch GET 200 https://registry.npmjs.org/@jest%2ftest-result 187ms (cache miss)
83 silly packumentCache full:https://registry.npmjs.org/@jest%2ftest-result set size:undefined disposed:false
84 silly fetch manifest jest-changed-files@30.4.1
85 silly packumentCache full:https://registry.npmjs.org/jest-changed-files cache-miss
86 http fetch GET 200 https://registry.npmjs.org/ci-info 147ms (cache miss)
87 silly packumentCache full:https://registry.npmjs.org/ci-info set size:undefined disposed:false
88 silly fetch manifest jest-config@30.4.2
89 silly packumentCache full:https://registry.npmjs.org/jest-config cache-miss
90 http fetch GET 200 https://registry.npmjs.org/graceful-fs 110ms (cache miss)
91 silly packumentCache full:https://registry.npmjs.org/graceful-fs set size:undefined disposed:false
92 silly fetch manifest jest-haste-map@30.4.1
93 silly packumentCache full:https://registry.npmjs.org/jest-haste-map cache-miss
94 http fetch GET 200 https://registry.npmjs.org/exit-x 155ms (cache miss)
95 silly packumentCache full:https://registry.npmjs.org/exit-x set size:undefined disposed:false
96 silly fetch manifest jest-message-util@30.4.1
97 silly packumentCache full:https://registry.npmjs.org/jest-message-util cache-miss
98 http fetch GET 200 https://registry.npmjs.org/@jest%2fconsole 324ms (cache miss)
99 silly packumentCache full:https://registry.npmjs.org/@jest%2fconsole set size:undefined disposed:false
100 silly fetch manifest jest-regex-util@30.4.0
101 silly packumentCache full:https://registry.npmjs.org/jest-regex-util cache-miss
102 http fetch GET 200 https://registry.npmjs.org/@jest%2freporters 326ms (cache miss)
103 silly packumentCache full:https://registry.npmjs.org/@jest%2freporters set size:undefined disposed:false
104 silly fetch manifest jest-resolve@30.4.1
105 silly packumentCache full:https://registry.npmjs.org/jest-resolve cache-miss
106 http fetch GET 200 https://registry.npmjs.org/jest-changed-files 141ms (cache miss)
107 silly packumentCache full:https://registry.npmjs.org/jest-changed-files set size:undefined disposed:false
108 silly fetch manifest jest-resolve-dependencies@30.4.2
109 silly packumentCache full:https://registry.npmjs.org/jest-resolve-dependencies cache-miss
110 http fetch GET 200 https://registry.npmjs.org/jest-message-util 89ms (cache miss)
111 silly packumentCache full:https://registry.npmjs.org/jest-message-util set size:undefined disposed:false
112 silly fetch manifest jest-runner@30.4.2
113 silly packumentCache full:https://registry.npmjs.org/jest-runner cache-miss
114 http fetch GET 200 https://registry.npmjs.org/jest-haste-map 154ms (cache miss)
115 silly packumentCache full:https://registry.npmjs.org/jest-haste-map set size:undefined disposed:false
116 silly fetch manifest jest-runtime@30.4.2
117 silly packumentCache full:https://registry.npmjs.org/jest-runtime cache-miss
118 http fetch GET 200 https://registry.npmjs.org/jest-config 207ms (cache miss)
119 silly packumentCache full:https://registry.npmjs.org/jest-config set size:undefined disposed:false
120 silly fetch manifest jest-snapshot@30.4.1
121 silly packumentCache full:https://registry.npmjs.org/jest-snapshot cache-miss
122 http fetch GET 200 https://registry.npmjs.org/jest-regex-util 98ms (cache miss)
123 silly packumentCache full:https://registry.npmjs.org/jest-regex-util set size:undefined disposed:false
124 silly fetch manifest jest-util@30.4.1
125 silly packumentCache full:https://registry.npmjs.org/jest-util cache-miss
126 http fetch GET 200 https://registry.npmjs.org/@jest%2ftransform 434ms (cache miss)
127 silly packumentCache full:https://registry.npmjs.org/@jest%2ftransform set size:undefined disposed:false
128 silly fetch manifest jest-validate@30.4.1
129 silly packumentCache full:https://registry.npmjs.org/jest-validate cache-miss
130 http fetch GET 200 https://registry.npmjs.org/jest-resolve-dependencies 158ms (cache miss)
131 silly packumentCache full:https://registry.npmjs.org/jest-resolve-dependencies set size:undefined disposed:false
132 silly fetch manifest jest-watcher@30.4.1
133 silly packumentCache full:https://registry.npmjs.org/jest-watcher cache-miss
134 http fetch GET 200 https://registry.npmjs.org/jest-resolve 262ms (cache miss)
135 silly packumentCache full:https://registry.npmjs.org/jest-resolve set size:undefined disposed:false
136 silly fetch manifest pretty-format@30.4.1
137 silly packumentCache full:https://registry.npmjs.org/pretty-format cache-miss
138 http fetch GET 200 https://registry.npmjs.org/jest-util 196ms (cache miss)
139 silly packumentCache full:https://registry.npmjs.org/jest-util set size:undefined disposed:false
140 silly fetch manifest slash@^3.0.0
141 silly packumentCache full:https://registry.npmjs.org/slash cache-miss
142 http fetch GET 200 https://registry.npmjs.org/jest-validate 193ms (cache miss)
143 silly packumentCache full:https://registry.npmjs.org/jest-validate set size:undefined disposed:false
144 silly fetch manifest @jest/schemas@30.4.1
145 silly packumentCache full:https://registry.npmjs.org/@jest%2fschemas cache-miss
146 http fetch GET 200 https://registry.npmjs.org/jest-runtime 249ms (cache miss)
147 silly packumentCache full:https://registry.npmjs.org/jest-runtime set size:undefined disposed:false
148 silly fetch manifest @types/istanbul-lib-coverage@^2.0.6
149 silly packumentCache full:https://registry.npmjs.org/@types%2fistanbul-lib-coverage cache-miss
150 http fetch GET 200 https://registry.npmjs.org/jest-snapshot 237ms (cache miss)
151 silly packumentCache full:https://registry.npmjs.org/jest-snapshot set size:undefined disposed:false
152 silly fetch manifest @types/istanbul-reports@^3.0.4
153 silly packumentCache full:https://registry.npmjs.org/@types%2fistanbul-reports cache-miss
154 http fetch GET 200 https://registry.npmjs.org/jest-watcher 166ms (cache miss)
155 silly packumentCache full:https://registry.npmjs.org/jest-watcher set size:undefined disposed:false
156 silly fetch manifest @types/yargs@^17.0.33
157 silly packumentCache full:https://registry.npmjs.org/@types%2fyargs cache-miss
158 http fetch GET 200 https://registry.npmjs.org/jest-runner 331ms (cache miss)
159 silly packumentCache full:https://registry.npmjs.org/jest-runner set size:undefined disposed:false
160 silly fetch manifest pkg-dir@^4.2.0
161 silly packumentCache full:https://registry.npmjs.org/pkg-dir cache-miss
162 http fetch GET 200 https://registry.npmjs.org/pkg-dir 44ms (cache miss)
163 silly packumentCache full:https://registry.npmjs.org/pkg-dir set size:undefined disposed:false
164 silly fetch manifest resolve-cwd@^3.0.0
165 silly packumentCache full:https://registry.npmjs.org/resolve-cwd cache-miss
166 http fetch GET 200 https://registry.npmjs.org/slash 134ms (cache miss)
167 silly packumentCache full:https://registry.npmjs.org/slash set size:undefined disposed:false
168 silly fetch manifest yargs@^17.7.2
169 silly packumentCache full:https://registry.npmjs.org/yargs cache-miss
170 http fetch GET 200 https://registry.npmjs.org/@types%2fistanbul-lib-coverage 126ms (cache miss)
171 silly packumentCache full:https://registry.npmjs.org/@types%2fistanbul-lib-coverage set size:undefined disposed:false
172 http fetch GET 200 https://registry.npmjs.org/pretty-format 191ms (cache miss)
173 silly packumentCache full:https://registry.npmjs.org/pretty-format set size:undefined disposed:false
174 http fetch GET 200 https://registry.npmjs.org/@types%2fyargs 135ms (cache miss)
175 silly packumentCache full:https://registry.npmjs.org/@types%2fyargs set size:undefined disposed:false
176 http fetch GET 200 https://registry.npmjs.org/@types%2fistanbul-reports 166ms (cache miss)
177 silly packumentCache full:https://registry.npmjs.org/@types%2fistanbul-reports set size:undefined disposed:false
178 http fetch GET 200 https://registry.npmjs.org/yargs 97ms (cache miss)
179 silly packumentCache full:https://registry.npmjs.org/yargs set size:undefined disposed:false
180 http fetch GET 200 https://registry.npmjs.org/resolve-cwd 131ms (cache miss)
181 silly packumentCache full:https://registry.npmjs.org/resolve-cwd set size:undefined disposed:false
182 http fetch GET 200 https://registry.npmjs.org/@jest%2fschemas 338ms (cache miss)
183 silly packumentCache full:https://registry.npmjs.org/@jest%2fschemas set size:undefined disposed:false
184 silly fetch manifest @types/node@*
185 silly packumentCache full:https://registry.npmjs.org/@types%2fnode cache-miss
186 http fetch GET 200 https://registry.npmjs.org/@types%2fnode 620ms (cache miss)
187 silly packumentCache full:https://registry.npmjs.org/@types%2fnode set size:undefined disposed:false
188 silly fetch manifest esbuild-register@>=3.4.0
189 silly packumentCache full:https://registry.npmjs.org/esbuild-register cache-miss
190 http fetch GET 200 https://registry.npmjs.org/esbuild-register 159ms (cache miss)
191 silly packumentCache full:https://registry.npmjs.org/esbuild-register set size:undefined disposed:false
192 silly fetch manifest esbuild@>=0.12 <1
193 silly packumentCache full:https://registry.npmjs.org/esbuild cache-miss
194 http fetch GET 200 https://registry.npmjs.org/esbuild 252ms (cache miss)
195 silly packumentCache full:https://registry.npmjs.org/esbuild set size:undefined disposed:false
196 silly fetch manifest ts-node@>=9.0.0
197 silly packumentCache full:https://registry.npmjs.org/ts-node cache-miss
198 http fetch GET 200 https://registry.npmjs.org/ts-node 217ms (cache miss)
199 silly packumentCache full:https://registry.npmjs.org/ts-node set size:undefined disposed:false
200 silly fetch manifest @swc/core@>=1.2.50
201 silly packumentCache full:https://registry.npmjs.org/@swc%2fcore cache-miss
202 http fetch GET 200 https://registry.npmjs.org/@swc%2fcore 390ms (cache miss)
203 silly packumentCache full:https://registry.npmjs.org/@swc%2fcore set size:undefined disposed:false
204 silly fetch manifest @swc/helpers@>=0.5.17
205 silly packumentCache full:https://registry.npmjs.org/@swc%2fhelpers cache-miss
206 http fetch GET 200 https://registry.npmjs.org/@swc%2fhelpers 312ms (cache miss)
207 silly packumentCache full:https://registry.npmjs.org/@swc%2fhelpers set size:undefined disposed:false
208 silly fetch manifest @swc/wasm@>=1.2.50
209 silly packumentCache full:https://registry.npmjs.org/@swc%2fwasm cache-miss
210 http fetch GET 200 https://registry.npmjs.org/@swc%2fwasm 256ms (cache miss)
211 silly packumentCache full:https://registry.npmjs.org/@swc%2fwasm set size:undefined disposed:false
212 silly fetch manifest typescript@>=2.7
213 silly packumentCache full:https://registry.npmjs.org/typescript cache-miss
214 http fetch GET 200 https://registry.npmjs.org/typescript 1002ms (cache miss)
215 silly packumentCache full:https://registry.npmjs.org/typescript set size:undefined disposed:false
216 silly placeDep ROOT @jest/console@30.4.1 OK for: @jest/core@30.4.2 want: 30.4.1
217 silly placeDep ROOT @jest/pattern@30.4.0 OK for: @jest/core@30.4.2 want: 30.4.0
218 silly placeDep ROOT @jest/reporters@30.4.1 OK for: @jest/core@30.4.2 want: 30.4.1
219 silly placeDep ROOT @jest/test-result@30.4.1 OK for: @jest/core@30.4.2 want: 30.4.1
220 silly placeDep ROOT @jest/transform@30.4.1 OK for: @jest/core@30.4.2 want: 30.4.1
221 silly placeDep node_modules/@jest/core ansi-escapes@4.3.2 OK for: @jest/core@30.4.2 want: ^4.3.2
222 silly placeDep ROOT chalk@4.1.2 OK for: @jest/core@30.4.2 want: ^4.1.2
223 silly placeDep ROOT ci-info@4.4.0 OK for: @jest/core@30.4.2 want: ^4.2.0
224 silly placeDep ROOT exit-x@0.2.2 OK for: @jest/core@30.4.2 want: ^0.2.2
225 silly placeDep ROOT graceful-fs@4.2.11 OK for: @jest/core@30.4.2 want: ^4.2.11
226 silly placeDep ROOT jest-changed-files@30.4.1 OK for: @jest/core@30.4.2 want: 30.4.1
227 silly placeDep ROOT jest-config@30.4.2 OK for: @jest/core@30.4.2 want: 30.4.2
228 silly placeDep ROOT jest-haste-map@30.4.1 OK for: @jest/core@30.4.2 want: 30.4.1
229 silly placeDep ROOT jest-message-util@30.4.1 OK for: @jest/core@30.4.2 want: 30.4.1
230 silly placeDep ROOT jest-regex-util@30.4.0 OK for: @jest/core@30.4.2 want: 30.4.0
231 silly placeDep ROOT jest-resolve@30.4.1 OK for: @jest/core@30.4.2 want: 30.4.1
232 silly placeDep ROOT jest-resolve-dependencies@30.4.2 OK for: @jest/core@30.4.2 want: 30.4.2
233 silly placeDep ROOT jest-runner@30.4.2 OK for: @jest/core@30.4.2 want: 30.4.2
234 silly placeDep ROOT jest-runtime@30.4.2 OK for: @jest/core@30.4.2 want: 30.4.2
235 silly placeDep ROOT jest-snapshot@30.4.1 OK for: @jest/core@30.4.2 want: 30.4.1
236 silly placeDep ROOT jest-util@30.4.1 OK for: @jest/core@30.4.2 want: 30.4.1
237 silly placeDep ROOT jest-validate@30.4.1 OK for: @jest/core@30.4.2 want: 30.4.1
238 silly placeDep ROOT jest-watcher@30.4.1 OK for: @jest/core@30.4.2 want: 30.4.1
239 silly placeDep ROOT pretty-format@30.4.1 OK for: @jest/core@30.4.2 want: 30.4.1
240 silly placeDep ROOT slash@3.0.0 OK for: @jest/core@30.4.2 want: ^3.0.0
241 silly fetch manifest @bcoe/v8-coverage@^0.2.3
242 silly packumentCache full:https://registry.npmjs.org/@bcoe%2fv8-coverage cache-miss
243 silly fetch manifest @jridgewell/trace-mapping@^0.3.25
244 silly packumentCache full:https://registry.npmjs.org/@jridgewell%2ftrace-mapping cache-miss
245 silly fetch manifest collect-v8-coverage@^1.0.2
246 silly packumentCache full:https://registry.npmjs.org/collect-v8-coverage cache-miss
247 silly fetch manifest glob@^10.5.0
248 silly packumentCache full:https://registry.npmjs.org/glob cache-miss
249 silly fetch manifest istanbul-lib-coverage@^3.0.0
250 silly packumentCache full:https://registry.npmjs.org/istanbul-lib-coverage cache-miss
251 silly fetch manifest istanbul-lib-instrument@^6.0.0
252 silly packumentCache full:https://registry.npmjs.org/istanbul-lib-instrument cache-miss
253 silly fetch manifest istanbul-lib-report@^3.0.0
254 silly packumentCache full:https://registry.npmjs.org/istanbul-lib-report cache-miss
255 http fetch GET 200 https://registry.npmjs.org/istanbul-lib-instrument 56ms (cache miss)
256 silly packumentCache full:https://registry.npmjs.org/istanbul-lib-instrument set size:undefined disposed:false
257 silly fetch manifest istanbul-lib-source-maps@^5.0.0
258 silly packumentCache full:https://registry.npmjs.org/istanbul-lib-source-maps cache-miss
259 http fetch GET 200 https://registry.npmjs.org/collect-v8-coverage 60ms (cache miss)
260 silly packumentCache full:https://registry.npmjs.org/collect-v8-coverage set size:undefined disposed:false
261 silly fetch manifest istanbul-reports@^3.1.3
262 silly packumentCache full:https://registry.npmjs.org/istanbul-reports cache-miss
263 http fetch GET 200 https://registry.npmjs.org/glob 119ms (cache miss)
264 silly packumentCache full:https://registry.npmjs.org/glob set size:undefined disposed:false
265 silly fetch manifest jest-worker@30.4.1
266 silly packumentCache full:https://registry.npmjs.org/jest-worker cache-miss
267 http fetch GET 200 https://registry.npmjs.org/istanbul-lib-report 129ms (cache miss)
268 silly packumentCache full:https://registry.npmjs.org/istanbul-lib-report set size:undefined disposed:false
269 silly fetch manifest string-length@^4.0.2
270 silly packumentCache full:https://registry.npmjs.org/string-length cache-miss
271 http fetch GET 200 https://registry.npmjs.org/istanbul-lib-source-maps 73ms (cache miss)
272 silly packumentCache full:https://registry.npmjs.org/istanbul-lib-source-maps set size:undefined disposed:false
273 silly fetch manifest v8-to-istanbul@^9.0.1
274 silly packumentCache full:https://registry.npmjs.org/v8-to-istanbul cache-miss
275 http fetch GET 200 https://registry.npmjs.org/istanbul-reports 79ms (cache miss)
276 silly packumentCache full:https://registry.npmjs.org/istanbul-reports set size:undefined disposed:false
277 silly fetch manifest @babel/core@^7.27.4
278 silly packumentCache full:https://registry.npmjs.org/@babel%2fcore cache-miss
279 http fetch GET 200 https://registry.npmjs.org/@jridgewell%2ftrace-mapping 144ms (cache miss)
280 silly packumentCache full:https://registry.npmjs.org/@jridgewell%2ftrace-mapping set size:undefined disposed:false
281 silly fetch manifest babel-plugin-istanbul@^7.0.1
282 silly packumentCache full:https://registry.npmjs.org/babel-plugin-istanbul cache-miss
283 http fetch GET 200 https://registry.npmjs.org/istanbul-lib-coverage 161ms (cache miss)
284 silly packumentCache full:https://registry.npmjs.org/istanbul-lib-coverage set size:undefined disposed:false
285 silly fetch manifest convert-source-map@^2.0.0
286 silly packumentCache full:https://registry.npmjs.org/convert-source-map cache-miss
287 http fetch GET 200 https://registry.npmjs.org/@bcoe%2fv8-coverage 178ms (cache miss)
288 silly packumentCache full:https://registry.npmjs.org/@bcoe%2fv8-coverage set size:undefined disposed:false
289 silly fetch manifest pirates@^4.0.7
290 silly packumentCache full:https://registry.npmjs.org/pirates cache-miss
291 http fetch GET 200 https://registry.npmjs.org/convert-source-map 180ms (cache miss)
292 silly packumentCache full:https://registry.npmjs.org/convert-source-map set size:undefined disposed:false
293 silly fetch manifest write-file-atomic@^5.0.1
294 silly packumentCache full:https://registry.npmjs.org/write-file-atomic cache-miss
295 http fetch GET 200 https://registry.npmjs.org/v8-to-istanbul 248ms (cache miss)
296 silly packumentCache full:https://registry.npmjs.org/v8-to-istanbul set size:undefined disposed:false
297 silly fetch manifest type-fest@^0.21.3
298 silly packumentCache full:https://registry.npmjs.org/type-fest cache-miss
299 http fetch GET 200 https://registry.npmjs.org/jest-worker 265ms (cache miss)
300 silly packumentCache full:https://registry.npmjs.org/jest-worker set size:undefined disposed:false
301 silly fetch manifest ansi-styles@^4.1.0
302 silly packumentCache full:https://registry.npmjs.org/ansi-styles cache-miss
303 http fetch GET 200 https://registry.npmjs.org/string-length 271ms (cache miss)
304 silly packumentCache full:https://registry.npmjs.org/string-length set size:undefined disposed:false
305 silly fetch manifest supports-color@^7.1.0
306 silly packumentCache full:https://registry.npmjs.org/supports-color cache-miss
307 http fetch GET 200 https://registry.npmjs.org/@babel%2fcore 295ms (cache miss)
308 silly packumentCache full:https://registry.npmjs.org/@babel%2fcore set size:undefined disposed:false
309 silly fetch manifest execa@^5.1.1
310 silly packumentCache full:https://registry.npmjs.org/execa cache-miss
311 http fetch GET 200 https://registry.npmjs.org/ansi-styles 124ms (cache miss)
312 silly packumentCache full:https://registry.npmjs.org/ansi-styles set size:undefined disposed:false
313 silly fetch manifest @jest/get-type@30.1.0
314 silly packumentCache full:https://registry.npmjs.org/@jest%2fget-type cache-miss
315 http fetch GET 200 https://registry.npmjs.org/supports-color 121ms (cache miss)
316 silly packumentCache full:https://registry.npmjs.org/supports-color set size:undefined disposed:false
317 silly fetch manifest @jest/test-sequencer@30.4.1
318 silly packumentCache full:https://registry.npmjs.org/@jest%2ftest-sequencer cache-miss
319 http fetch GET 200 https://registry.npmjs.org/write-file-atomic 185ms (cache miss)
320 silly packumentCache full:https://registry.npmjs.org/write-file-atomic set size:undefined disposed:false
321 silly fetch manifest babel-jest@30.4.1
322 silly packumentCache full:https://registry.npmjs.org/babel-jest cache-miss
323 http fetch GET 200 https://registry.npmjs.org/execa 162ms (cache miss)
324 silly packumentCache full:https://registry.npmjs.org/execa set size:undefined disposed:false
325 silly fetch manifest deepmerge@^4.3.1
326 silly packumentCache full:https://registry.npmjs.org/deepmerge cache-miss
327 http fetch GET 200 https://registry.npmjs.org/babel-plugin-istanbul 500ms (cache miss)
328 silly packumentCache full:https://registry.npmjs.org/babel-plugin-istanbul set size:undefined disposed:false
329 silly fetch manifest jest-circus@30.4.2
330 silly packumentCache full:https://registry.npmjs.org/jest-circus cache-miss
331 http fetch GET 200 https://registry.npmjs.org/type-fest 265ms (cache miss)
332 silly packumentCache full:https://registry.npmjs.org/type-fest set size:undefined disposed:false
333 silly fetch manifest jest-docblock@30.4.0
334 silly packumentCache full:https://registry.npmjs.org/jest-docblock cache-miss
335 http fetch GET 200 https://registry.npmjs.org/deepmerge 74ms (cache miss)
336 silly packumentCache full:https://registry.npmjs.org/deepmerge set size:undefined disposed:false
337 silly fetch manifest jest-environment-node@30.4.1
338 silly packumentCache full:https://registry.npmjs.org/jest-environment-node cache-miss
339 http fetch GET 200 https://registry.npmjs.org/jest-docblock 264ms (cache miss)
340 silly packumentCache full:https://registry.npmjs.org/jest-docblock set size:undefined disposed:false
341 silly fetch manifest strip-json-comments@^3.1.1
342 silly packumentCache full:https://registry.npmjs.org/strip-json-comments cache-miss
343 http fetch GET 200 https://registry.npmjs.org/@jest%2ftest-sequencer 427ms (cache miss)
344 silly packumentCache full:https://registry.npmjs.org/@jest%2ftest-sequencer set size:undefined disposed:false
345 silly fetch manifest anymatch@^3.1.3
346 silly packumentCache full:https://registry.npmjs.org/anymatch cache-miss
347 http fetch GET 200 https://registry.npmjs.org/jest-environment-node 303ms (cache miss)
348 silly packumentCache full:https://registry.npmjs.org/jest-environment-node set size:undefined disposed:false
349 silly fetch manifest fb-watchman@^2.0.2
350 silly packumentCache full:https://registry.npmjs.org/fb-watchman cache-miss
351 http fetch GET 200 https://registry.npmjs.org/jest-circus 376ms (cache miss)
352 silly packumentCache full:https://registry.npmjs.org/jest-circus set size:undefined disposed:false
353 silly fetch manifest walker@^1.0.8
354 silly packumentCache full:https://registry.npmjs.org/walker cache-miss
355 http fetch GET 200 https://registry.npmjs.org/anymatch 86ms (cache miss)
356 silly packumentCache full:https://registry.npmjs.org/anymatch set size:undefined disposed:false
357 silly fetch manifest fsevents@^2.3.3
358 silly packumentCache full:https://registry.npmjs.org/fsevents cache-miss
359 http fetch GET 200 https://registry.npmjs.org/pirates 871ms (cache miss)
360 silly packumentCache full:https://registry.npmjs.org/pirates set size:undefined disposed:false
361 silly fetch manifest @types/stack-utils@^2.0.3
362 silly packumentCache full:https://registry.npmjs.org/@types%2fstack-utils cache-miss
363 http fetch GET 200 https://registry.npmjs.org/strip-json-comments 148ms (cache miss)
364 silly packumentCache full:https://registry.npmjs.org/strip-json-comments set size:undefined disposed:false
365 silly fetch manifest stack-utils@^2.0.6
366 silly packumentCache full:https://registry.npmjs.org/stack-utils cache-miss
367 http fetch GET 200 https://registry.npmjs.org/walker 114ms (cache miss)
368 silly packumentCache full:https://registry.npmjs.org/walker set size:undefined disposed:false
369 silly fetch manifest jest-pnp-resolver@^1.2.3
370 silly packumentCache full:https://registry.npmjs.org/jest-pnp-resolver cache-miss
371 http fetch GET 200 https://registry.npmjs.org/fb-watchman 153ms (cache miss)
372 silly packumentCache full:https://registry.npmjs.org/fb-watchman set size:undefined disposed:false
373 silly fetch manifest unrs-resolver@^1.7.11
374 silly packumentCache full:https://registry.npmjs.org/unrs-resolver cache-miss
375 http fetch GET 200 https://registry.npmjs.org/@jest%2fget-type 625ms (cache miss)
376 silly packumentCache full:https://registry.npmjs.org/@jest%2fget-type set size:undefined disposed:false
377 silly fetch manifest @jest/environment@30.4.1
378 silly packumentCache full:https://registry.npmjs.org/@jest%2fenvironment cache-miss
379 http fetch GET 200 https://registry.npmjs.org/fsevents 101ms (cache miss)
380 silly packumentCache full:https://registry.npmjs.org/fsevents set size:undefined disposed:false
381 silly fetch manifest emittery@^0.13.1
382 silly packumentCache full:https://registry.npmjs.org/emittery cache-miss
383 http fetch GET 200 https://registry.npmjs.org/stack-utils 108ms (cache miss)
384 silly packumentCache full:https://registry.npmjs.org/stack-utils set size:undefined disposed:false
385 silly fetch manifest jest-leak-detector@30.4.1
386 silly packumentCache full:https://registry.npmjs.org/jest-leak-detector cache-miss
387 http fetch GET 200 https://registry.npmjs.org/unrs-resolver 109ms (cache miss)
388 silly packumentCache full:https://registry.npmjs.org/unrs-resolver set size:undefined disposed:false
389 silly fetch manifest source-map-support@0.5.13
390 silly packumentCache full:https://registry.npmjs.org/source-map-support cache-miss
391 http fetch GET 200 https://registry.npmjs.org/@types%2fstack-utils 228ms (cache miss)
392 silly packumentCache full:https://registry.npmjs.org/@types%2fstack-utils set size:undefined disposed:false
393 silly fetch manifest @jest/environment@30.4.1
394 silly packumentCache full:https://registry.npmjs.org/@jest%2fenvironment cache-miss
395 http fetch GET 200 https://registry.npmjs.org/jest-pnp-resolver 147ms (cache miss)
396 silly packumentCache full:https://registry.npmjs.org/jest-pnp-resolver set size:undefined disposed:false
397 silly fetch manifest @jest/fake-timers@30.4.1
398 silly packumentCache full:https://registry.npmjs.org/@jest%2ffake-timers cache-miss
399 http fetch GET 200 https://registry.npmjs.org/emittery 146ms (cache miss)
400 silly packumentCache full:https://registry.npmjs.org/emittery set size:undefined disposed:false
401 silly fetch manifest @jest/globals@30.4.1
402 silly packumentCache full:https://registry.npmjs.org/@jest%2fglobals cache-miss
403 http fetch GET 200 https://registry.npmjs.org/babel-jest 812ms (cache miss)
404 silly packumentCache full:https://registry.npmjs.org/babel-jest set size:undefined disposed:false
405 silly fetch manifest @jest/source-map@30.0.1
406 silly packumentCache full:https://registry.npmjs.org/@jest%2fsource-map cache-miss
407 http fetch GET 200 https://registry.npmjs.org/jest-leak-detector 169ms (cache miss)
408 silly packumentCache full:https://registry.npmjs.org/jest-leak-detector set size:undefined disposed:false
409 silly fetch manifest cjs-module-lexer@^2.1.0
410 silly packumentCache full:https://registry.npmjs.org/cjs-module-lexer cache-miss
411 http fetch GET 200 https://registry.npmjs.org/source-map-support 133ms (cache miss)
412 silly packumentCache full:https://registry.npmjs.org/source-map-support set size:undefined disposed:false
413 silly fetch manifest jest-mock@30.4.1
414 silly packumentCache full:https://registry.npmjs.org/jest-mock cache-miss
415 http fetch GET 200 https://registry.npmjs.org/@jest%2fenvironment 422ms (cache miss)
416 silly packumentCache full:https://registry.npmjs.org/@jest%2fenvironment set size:undefined disposed:false
417 silly fetch manifest strip-bom@^4.0.0
418 silly packumentCache full:https://registry.npmjs.org/strip-bom cache-miss
419 http fetch GET 200 https://registry.npmjs.org/@jest%2ffake-timers 297ms (cache miss)
420 silly packumentCache full:https://registry.npmjs.org/@jest%2ffake-timers set size:undefined disposed:false
421 silly fetch manifest @babel/generator@^7.27.5
422 silly packumentCache full:https://registry.npmjs.org/@babel%2fgenerator cache-miss
423 http fetch GET 200 https://registry.npmjs.org/@jest%2fglobals 350ms (cache miss)
424 silly packumentCache full:https://registry.npmjs.org/@jest%2fglobals set size:undefined disposed:false
425 silly fetch manifest @babel/plugin-syntax-jsx@^7.27.1
426 silly packumentCache full:https://registry.npmjs.org/@babel%2fplugin-syntax-jsx cache-miss
427 http fetch GET 200 https://registry.npmjs.org/strip-bom 87ms (cache miss)
428 silly packumentCache full:https://registry.npmjs.org/strip-bom set size:undefined disposed:false
429 silly fetch manifest @babel/plugin-syntax-typescript@^7.27.1
430 silly packumentCache full:https://registry.npmjs.org/@babel%2fplugin-syntax-typescript cache-miss
431 http fetch GET 200 https://registry.npmjs.org/jest-mock 331ms (cache miss)
432 silly packumentCache full:https://registry.npmjs.org/jest-mock set size:undefined disposed:false
433 silly fetch manifest @babel/types@^7.27.3
434 silly packumentCache full:https://registry.npmjs.org/@babel%2ftypes cache-miss
435 http fetch GET 200 https://registry.npmjs.org/@babel%2fplugin-syntax-typescript 102ms (cache miss)
436 silly packumentCache full:https://registry.npmjs.org/@babel%2fplugin-syntax-typescript set size:undefined disposed:false
437 silly fetch manifest @jest/expect-utils@30.4.1
438 silly packumentCache full:https://registry.npmjs.org/@jest%2fexpect-utils cache-miss
439 http fetch GET 200 https://registry.npmjs.org/@jest%2fsource-map 418ms (cache miss)
440 silly packumentCache full:https://registry.npmjs.org/@jest%2fsource-map set size:undefined disposed:false
441 silly fetch manifest @jest/snapshot-utils@30.4.1
442 silly packumentCache full:https://registry.npmjs.org/@jest%2fsnapshot-utils cache-miss
443 http fetch GET 200 https://registry.npmjs.org/@babel%2fgenerator 212ms (cache miss)
444 silly packumentCache full:https://registry.npmjs.org/@babel%2fgenerator set size:undefined disposed:false
445 silly fetch manifest babel-preset-current-node-syntax@^1.2.0
446 silly packumentCache full:https://registry.npmjs.org/babel-preset-current-node-syntax cache-miss
447 http fetch GET 200 https://registry.npmjs.org/@jest%2fenvironment 528ms (cache miss)
448 silly packumentCache full:https://registry.npmjs.org/@jest%2fenvironment set size:undefined disposed:false
449 silly fetch manifest expect@30.4.1
450 silly packumentCache full:https://registry.npmjs.org/expect cache-miss
451 http fetch GET 200 https://registry.npmjs.org/@babel%2fplugin-syntax-jsx 225ms (cache miss)
452 silly packumentCache full:https://registry.npmjs.org/@babel%2fplugin-syntax-jsx set size:undefined disposed:false
453 silly fetch manifest jest-diff@30.4.1
454 silly packumentCache full:https://registry.npmjs.org/jest-diff cache-miss
455 http fetch GET 200 https://registry.npmjs.org/babel-preset-current-node-syntax 151ms (cache miss)
456 silly packumentCache full:https://registry.npmjs.org/babel-preset-current-node-syntax set size:undefined disposed:false
457 silly fetch manifest jest-matcher-utils@30.4.1
458 silly packumentCache full:https://registry.npmjs.org/jest-matcher-utils cache-miss
459 http fetch GET 200 https://registry.npmjs.org/expect 176ms (cache miss)
460 silly packumentCache full:https://registry.npmjs.org/expect set size:undefined disposed:false
461 silly fetch manifest synckit@^0.11.8
462 silly packumentCache full:https://registry.npmjs.org/synckit cache-miss
463 http fetch GET 200 https://registry.npmjs.org/cjs-module-lexer 641ms (cache miss)
464 silly packumentCache full:https://registry.npmjs.org/cjs-module-lexer set size:undefined disposed:false
465 silly fetch manifest camelcase@^6.3.0
466 silly packumentCache full:https://registry.npmjs.org/camelcase cache-miss
467 http fetch GET 200 https://registry.npmjs.org/@babel%2ftypes 247ms (cache miss)
468 silly packumentCache full:https://registry.npmjs.org/@babel%2ftypes set size:undefined disposed:false
469 silly fetch manifest leven@^3.1.0
470 silly packumentCache full:https://registry.npmjs.org/leven cache-miss
471 http fetch GET 200 https://registry.npmjs.org/leven 90ms (cache miss)
472 silly packumentCache full:https://registry.npmjs.org/leven set size:undefined disposed:false
473 silly fetch manifest ansi-styles@^5.2.0
474 silly packumentCache full:https://registry.npmjs.org/ansi-styles cache-miss
475 http cache https://registry.npmjs.org/ansi-styles 4ms (cache hit)
476 silly packumentCache full:https://registry.npmjs.org/ansi-styles set size:63233 disposed:false
477 silly fetch manifest react-is-18@npm:react-is@^18.3.1
478 silly packumentCache full:https://registry.npmjs.org/react-is cache-miss
479 http fetch GET 200 https://registry.npmjs.org/@jest%2fsnapshot-utils 334ms (cache miss)
480 silly packumentCache full:https://registry.npmjs.org/@jest%2fsnapshot-utils set size:undefined disposed:false
481 silly fetch manifest react-is-19@npm:react-is@^19.2.5
482 silly packumentCache full:https://registry.npmjs.org/react-is cache-miss
483 http fetch GET 200 https://registry.npmjs.org/synckit 132ms (cache miss)
484 silly packumentCache full:https://registry.npmjs.org/synckit set size:undefined disposed:false
485 http fetch GET 200 https://registry.npmjs.org/camelcase 129ms (cache miss)
486 silly packumentCache full:https://registry.npmjs.org/camelcase set size:undefined disposed:false
487 http fetch GET 200 https://registry.npmjs.org/jest-matcher-utils 175ms (cache miss)
488 silly packumentCache full:https://registry.npmjs.org/jest-matcher-utils set size:undefined disposed:false
489 http fetch GET 200 https://registry.npmjs.org/jest-diff 263ms (cache miss)
490 silly packumentCache full:https://registry.npmjs.org/jest-diff set size:undefined disposed:false
491 http fetch GET 200 https://registry.npmjs.org/@jest%2fexpect-utils 387ms (cache miss)
492 silly packumentCache full:https://registry.npmjs.org/@jest%2fexpect-utils set size:undefined disposed:false
493 http fetch GET 200 https://registry.npmjs.org/react-is 730ms (cache miss)
494 silly packumentCache full:https://registry.npmjs.org/react-is set size:undefined disposed:false
495 http fetch GET 200 https://registry.npmjs.org/react-is 842ms (cache miss)
496 silly packumentCache full:https://registry.npmjs.org/react-is set size:undefined disposed:false
497 silly placeDep ROOT @bcoe/v8-coverage@0.2.3 OK for: @jest/reporters@30.4.1 want: ^0.2.3
498 silly placeDep ROOT @jridgewell/trace-mapping@0.3.31 OK for: @jest/reporters@30.4.1 want: ^0.3.25
499 silly placeDep ROOT collect-v8-coverage@1.0.3 OK for: @jest/reporters@30.4.1 want: ^1.0.2
500 silly placeDep ROOT glob@10.5.0 OK for: @jest/reporters@30.4.1 want: ^10.5.0
501 silly placeDep ROOT istanbul-lib-coverage@3.2.2 OK for: @jest/reporters@30.4.1 want: ^3.0.0
502 silly placeDep ROOT istanbul-lib-instrument@6.0.3 OK for: @jest/reporters@30.4.1 want: ^6.0.0
503 silly placeDep ROOT istanbul-lib-report@3.0.1 OK for: @jest/reporters@30.4.1 want: ^3.0.0
504 silly placeDep ROOT istanbul-lib-source-maps@5.0.6 OK for: @jest/reporters@30.4.1 want: ^5.0.0
505 silly placeDep ROOT istanbul-reports@3.2.0 OK for: @jest/reporters@30.4.1 want: ^3.1.3
506 silly placeDep ROOT jest-worker@30.4.1 OK for: @jest/reporters@30.4.1 want: 30.4.1
507 silly placeDep ROOT string-length@4.0.2 OK for: @jest/reporters@30.4.1 want: ^4.0.2
508 silly placeDep ROOT v8-to-istanbul@9.3.0 OK for: @jest/reporters@30.4.1 want: ^9.0.1
509 silly fetch manifest @jridgewell/resolve-uri@^3.1.0
510 silly packumentCache full:https://registry.npmjs.org/@jridgewell%2fresolve-uri cache-miss
511 silly fetch manifest @jridgewell/sourcemap-codec@^1.4.14
512 silly packumentCache full:https://registry.npmjs.org/@jridgewell%2fsourcemap-codec cache-miss
513 silly fetch manifest minipass@^7.1.2
514 silly packumentCache full:https://registry.npmjs.org/minipass cache-miss
515 silly fetch manifest jackspeak@^3.1.2
516 silly packumentCache full:https://registry.npmjs.org/jackspeak cache-miss
517 silly fetch manifest minimatch@^9.0.4
518 silly packumentCache full:https://registry.npmjs.org/minimatch cache-miss
519 silly fetch manifest path-scurry@^1.11.1
520 silly packumentCache full:https://registry.npmjs.org/path-scurry cache-miss
521 silly fetch manifest foreground-child@^3.1.0
522 silly packumentCache full:https://registry.npmjs.org/foreground-child cache-miss
523 http fetch GET 200 https://registry.npmjs.org/foreground-child 51ms (cache miss)
524 silly packumentCache full:https://registry.npmjs.org/foreground-child set size:undefined disposed:false
525 silly fetch manifest package-json-from-dist@^1.0.0
526 silly packumentCache full:https://registry.npmjs.org/package-json-from-dist cache-miss
527 http fetch GET 200 https://registry.npmjs.org/jackspeak 95ms (cache miss)
528 silly packumentCache full:https://registry.npmjs.org/jackspeak set size:undefined disposed:false
529 silly fetch manifest @babel/core@^7.23.9
530 silly packumentCache full:https://registry.npmjs.org/@babel%2fcore cache-miss
531 http cache https://registry.npmjs.org/@babel%2fcore 7ms (cache hit)
532 silly packumentCache full:https://registry.npmjs.org/@babel%2fcore set size:788258 disposed:false
533 silly fetch manifest @babel/parser@^7.23.9
534 silly packumentCache full:https://registry.npmjs.org/@babel%2fparser cache-miss
535 http fetch GET 200 https://registry.npmjs.org/package-json-from-dist 62ms (cache miss)
536 silly packumentCache full:https://registry.npmjs.org/package-json-from-dist set size:undefined disposed:false
537 silly fetch manifest @istanbuljs/schema@^0.1.3
538 silly packumentCache full:https://registry.npmjs.org/@istanbuljs%2fschema cache-miss
539 http fetch GET 200 https://registry.npmjs.org/path-scurry 116ms (cache miss)
540 silly packumentCache full:https://registry.npmjs.org/path-scurry set size:undefined disposed:false
541 silly fetch manifest make-dir@^4.0.0
542 silly packumentCache full:https://registry.npmjs.org/make-dir cache-miss
543 http fetch GET 200 https://registry.npmjs.org/minipass 118ms (cache miss)
544 silly packumentCache full:https://registry.npmjs.org/minipass set size:undefined disposed:false
545 silly fetch manifest html-escaper@^2.0.0
546 silly packumentCache full:https://registry.npmjs.org/html-escaper cache-miss
547 http fetch GET 200 https://registry.npmjs.org/@jridgewell%2fresolve-uri 121ms (cache miss)
548 silly packumentCache full:https://registry.npmjs.org/@jridgewell%2fresolve-uri set size:undefined disposed:false
549 silly fetch manifest @ungap/structured-clone@^1.3.0
550 silly packumentCache full:https://registry.npmjs.org/@ungap%2fstructured-clone cache-miss
551 http fetch GET 200 https://registry.npmjs.org/minimatch 122ms (cache miss)
552 silly packumentCache full:https://registry.npmjs.org/minimatch set size:undefined disposed:false
553 silly fetch manifest merge-stream@^2.0.0
554 silly packumentCache full:https://registry.npmjs.org/merge-stream cache-miss
555 http fetch GET 200 https://registry.npmjs.org/@jridgewell%2fsourcemap-codec 184ms (cache miss)
556 silly packumentCache full:https://registry.npmjs.org/@jridgewell%2fsourcemap-codec set size:undefined disposed:false
557 silly fetch manifest supports-color@^8.1.1
558 silly packumentCache full:https://registry.npmjs.org/supports-color cache-miss
559 http fetch GET 200 https://registry.npmjs.org/merge-stream 60ms (cache miss)
560 silly packumentCache full:https://registry.npmjs.org/merge-stream set size:undefined disposed:false
561 silly fetch manifest char-regex@^1.0.2
562 silly packumentCache full:https://registry.npmjs.org/char-regex cache-miss
563 http cache https://registry.npmjs.org/supports-color 3ms (cache hit)
564 silly packumentCache full:https://registry.npmjs.org/supports-color set size:118680 disposed:false
565 silly fetch manifest strip-ansi@^6.0.0
566 silly packumentCache full:https://registry.npmjs.org/strip-ansi cache-miss
567 http fetch GET 200 https://registry.npmjs.org/make-dir 84ms (cache miss)
568 silly packumentCache full:https://registry.npmjs.org/make-dir set size:undefined disposed:false
569 silly fetch manifest @types/istanbul-lib-coverage@^2.0.1
570 silly packumentCache full:https://registry.npmjs.org/@types%2fistanbul-lib-coverage cache-miss
571 http cache https://registry.npmjs.org/@types%2fistanbul-lib-coverage 2ms (cache hit)
572 silly packumentCache full:https://registry.npmjs.org/@types%2fistanbul-lib-coverage set size:18110 disposed:false
573 http fetch GET 200 https://registry.npmjs.org/strip-ansi 42ms (cache miss)
574 silly packumentCache full:https://registry.npmjs.org/strip-ansi set size:undefined disposed:false
575 http fetch GET 200 https://registry.npmjs.org/@istanbuljs%2fschema 118ms (cache miss)
576 silly packumentCache full:https://registry.npmjs.org/@istanbuljs%2fschema set size:undefined disposed:false
577 http fetch GET 200 https://registry.npmjs.org/@ungap%2fstructured-clone 126ms (cache miss)
578 silly packumentCache full:https://registry.npmjs.org/@ungap%2fstructured-clone set size:undefined disposed:false
579 http fetch GET 200 https://registry.npmjs.org/html-escaper 152ms (cache miss)
580 silly packumentCache full:https://registry.npmjs.org/html-escaper set size:undefined disposed:false
581 http fetch GET 200 https://registry.npmjs.org/char-regex 121ms (cache miss)
582 silly packumentCache full:https://registry.npmjs.org/char-regex set size:undefined disposed:false
583 http fetch GET 200 https://registry.npmjs.org/@babel%2fparser 257ms (cache miss)
584 silly packumentCache full:https://registry.npmjs.org/@babel%2fparser set size:undefined disposed:false
585 silly placeDep ROOT @types/istanbul-lib-coverage@2.0.6 OK for: @jest/test-result@30.4.1 want: ^2.0.6
586 silly placeDep ROOT @babel/core@7.29.7 OK for: @jest/transform@30.4.1 want: ^7.27.4
587 silly placeDep ROOT babel-plugin-istanbul@7.0.1 OK for: @jest/transform@30.4.1 want: ^7.0.1
588 silly placeDep ROOT convert-source-map@2.0.0 OK for: @jest/transform@30.4.1 want: ^2.0.0
589 silly placeDep ROOT pirates@4.0.7 OK for: @jest/transform@30.4.1 want: ^4.0.7
590 silly placeDep ROOT write-file-atomic@5.0.1 OK for: @jest/transform@30.4.1 want: ^5.0.1
591 silly fetch manifest json5@^2.2.3
592 silly packumentCache full:https://registry.npmjs.org/json5 cache-miss
593 silly fetch manifest semver@^6.3.1
594 silly packumentCache full:https://registry.npmjs.org/semver cache-miss
595 silly fetch manifest gensync@^1.0.0-beta.2
596 silly packumentCache full:https://registry.npmjs.org/gensync cache-miss
597 silly fetch manifest @babel/types@^7.29.7
598 silly packumentCache full:https://registry.npmjs.org/@babel%2ftypes cache-miss
599 silly fetch manifest @babel/parser@^7.29.7
600 silly packumentCache full:https://registry.npmjs.org/@babel%2fparser cache-miss
601 silly fetch manifest @babel/helpers@^7.29.7
602 silly packumentCache full:https://registry.npmjs.org/@babel%2fhelpers cache-miss
603 silly fetch manifest @babel/template@^7.29.7
604 silly packumentCache full:https://registry.npmjs.org/@babel%2ftemplate cache-miss
605 http cache https://registry.npmjs.org/@babel%2ftypes 5ms (cache hit)
606 silly packumentCache full:https://registry.npmjs.org/@babel%2ftypes set size:498480 disposed:false
607 silly fetch manifest @babel/traverse@^7.29.7
608 silly packumentCache full:https://registry.npmjs.org/@babel%2ftraverse cache-miss
609 http cache https://registry.npmjs.org/@babel%2fparser 10ms (cache hit)
610 silly packumentCache full:https://registry.npmjs.org/@babel%2fparser set size:732981 disposed:false
611 silly fetch manifest @babel/generator@^7.29.7
612 silly packumentCache full:https://registry.npmjs.org/@babel%2fgenerator cache-miss
613 http cache https://registry.npmjs.org/@babel%2fgenerator 3ms (cache hit)
614 silly packumentCache full:https://registry.npmjs.org/@babel%2fgenerator set size:520504 disposed:false
615 silly fetch manifest @jridgewell/remapping@^2.3.5
616 silly packumentCache full:https://registry.npmjs.org/@jridgewell%2fremapping cache-miss
617 http fetch GET 200 https://registry.npmjs.org/gensync 44ms (cache miss)
618 silly packumentCache full:https://registry.npmjs.org/gensync set size:undefined disposed:false
619 silly fetch manifest @babel/helper-module-transforms@^7.29.7
620 silly packumentCache full:https://registry.npmjs.org/@babel%2fhelper-module-transforms cache-miss
621 http fetch GET 200 https://registry.npmjs.org/@babel%2ftemplate 89ms (cache miss)
622 silly packumentCache full:https://registry.npmjs.org/@babel%2ftemplate set size:undefined disposed:false
623 silly fetch manifest @babel/helper-compilation-targets@^7.29.7
624 silly packumentCache full:https://registry.npmjs.org/@babel%2fhelper-compilation-targets cache-miss
625 http fetch GET 200 https://registry.npmjs.org/json5 94ms (cache miss)
626 silly packumentCache full:https://registry.npmjs.org/json5 set size:undefined disposed:false
627 silly fetch manifest test-exclude@^6.0.0
628 silly packumentCache full:https://registry.npmjs.org/test-exclude cache-miss
629 http fetch GET 200 https://registry.npmjs.org/@babel%2fhelper-module-transforms 74ms (cache miss)
630 silly packumentCache full:https://registry.npmjs.org/@babel%2fhelper-module-transforms set size:undefined disposed:false
631 silly fetch manifest @babel/helper-plugin-utils@^7.0.0
632 silly packumentCache full:https://registry.npmjs.org/@babel%2fhelper-plugin-utils cache-miss
633 http fetch GET 200 https://registry.npmjs.org/@babel%2fhelper-compilation-targets 67ms (cache miss)
634 silly packumentCache full:https://registry.npmjs.org/@babel%2fhelper-compilation-targets set size:undefined disposed:false
635 silly fetch manifest @istanbuljs/load-nyc-config@^1.0.0
636 silly packumentCache full:https://registry.npmjs.org/@istanbuljs%2fload-nyc-config cache-miss
637 http fetch GET 200 https://registry.npmjs.org/@babel%2fhelpers 164ms (cache miss)
638 silly packumentCache full:https://registry.npmjs.org/@babel%2fhelpers set size:undefined disposed:false
639 http fetch GET 200 https://registry.npmjs.org/semver 175ms (cache miss)
640 silly packumentCache full:https://registry.npmjs.org/semver set size:undefined disposed:false
641 http fetch GET 200 https://registry.npmjs.org/test-exclude 96ms (cache miss)
642 silly packumentCache full:https://registry.npmjs.org/test-exclude set size:undefined disposed:false
643 http fetch GET 200 https://registry.npmjs.org/@babel%2fhelper-plugin-utils 118ms (cache miss)
644 silly packumentCache full:https://registry.npmjs.org/@babel%2fhelper-plugin-utils set size:undefined disposed:false
645 http fetch GET 200 https://registry.npmjs.org/@jridgewell%2fremapping 295ms (cache miss)
646 silly packumentCache full:https://registry.npmjs.org/@jridgewell%2fremapping set size:undefined disposed:false
647 http fetch GET 200 https://registry.npmjs.org/@babel%2ftraverse 314ms (cache miss)
648 silly packumentCache full:https://registry.npmjs.org/@babel%2ftraverse set size:undefined disposed:false
649 http fetch GET 200 https://registry.npmjs.org/@istanbuljs%2fload-nyc-config 173ms (cache miss)
650 silly packumentCache full:https://registry.npmjs.org/@istanbuljs%2fload-nyc-config set size:undefined disposed:false
651 silly fetch manifest @babel/core@^7.0.0
652 silly packumentCache full:https://registry.npmjs.org/@babel%2fcore cache-hit
653 silly placeDep ROOT @babel/generator@7.29.7 OK for: @babel/core@7.29.7 want: ^7.29.7
654 silly placeDep ROOT @babel/helper-compilation-targets@7.29.7 OK for: @babel/core@7.29.7 want: ^7.29.7
655 silly placeDep ROOT @babel/helper-module-transforms@7.29.7 OK for: @babel/core@7.29.7 want: ^7.29.7
656 silly placeDep ROOT @babel/helpers@7.29.7 OK for: @babel/core@7.29.7 want: ^7.29.7
657 silly placeDep ROOT @babel/parser@7.29.7 OK for: @babel/core@7.29.7 want: ^7.29.7
658 silly placeDep ROOT @babel/template@7.29.7 OK for: @babel/core@7.29.7 want: ^7.29.7
659 silly placeDep ROOT @babel/traverse@7.29.7 OK for: @babel/core@7.29.7 want: ^7.29.7
660 silly placeDep ROOT @babel/types@7.29.7 OK for: @babel/core@7.29.7 want: ^7.29.7
661 silly placeDep ROOT @jridgewell/remapping@2.3.5 OK for: @babel/core@7.29.7 want: ^2.3.5
662 silly placeDep ROOT gensync@1.0.0-beta.2 OK for: @babel/core@7.29.7 want: ^1.0.0-beta.2
663 silly placeDep ROOT json5@2.2.3 OK for: @babel/core@7.29.7 want: ^2.2.3
664 silly placeDep node_modules/@babel/core semver@6.3.1 OK for: @babel/core@7.29.7 want: ^6.3.1
665 silly fetch manifest jsesc@^3.0.2
666 silly packumentCache full:https://registry.npmjs.org/jsesc cache-miss
667 silly fetch manifest @jridgewell/gen-mapping@^0.3.12
668 silly packumentCache full:https://registry.npmjs.org/@jridgewell%2fgen-mapping cache-miss
669 silly fetch manifest lru-cache@^5.1.1
670 silly packumentCache full:https://registry.npmjs.org/lru-cache cache-miss
671 silly fetch manifest browserslist@^4.24.0
672 silly packumentCache full:https://registry.npmjs.org/browserslist cache-miss
673 silly fetch manifest @babel/compat-data@^7.29.7
674 silly packumentCache full:https://registry.npmjs.org/@babel%2fcompat-data cache-miss
675 silly fetch manifest @babel/helper-validator-option@^7.29.7
676 silly packumentCache full:https://registry.npmjs.org/@babel%2fhelper-validator-option cache-miss
677 silly fetch manifest @babel/helper-module-imports@^7.29.7
678 silly packumentCache full:https://registry.npmjs.org/@babel%2fhelper-module-imports cache-miss
679 http fetch GET 200 https://registry.npmjs.org/@babel%2fhelper-module-imports 65ms (cache miss)
680 silly packumentCache full:https://registry.npmjs.org/@babel%2fhelper-module-imports set size:undefined disposed:false
681 silly fetch manifest @babel/helper-globals@^7.29.7
682 silly packumentCache full:https://registry.npmjs.org/@babel%2fhelper-globals cache-miss
683 http fetch GET 200 https://registry.npmjs.org/browserslist 75ms (cache miss)
684 silly packumentCache full:https://registry.npmjs.org/browserslist set size:undefined disposed:false
685 silly fetch manifest @babel/helper-string-parser@^7.29.7
686 silly packumentCache full:https://registry.npmjs.org/@babel%2fhelper-string-parser cache-miss
687 http fetch GET 200 https://registry.npmjs.org/@jridgewell%2fgen-mapping 102ms (cache miss)
688 silly packumentCache full:https://registry.npmjs.org/@jridgewell%2fgen-mapping set size:undefined disposed:false
689 silly fetch manifest @jridgewell/gen-mapping@^0.3.5
690 silly packumentCache full:https://registry.npmjs.org/@jridgewell%2fgen-mapping cache-miss
691 http cache https://registry.npmjs.org/@jridgewell%2fgen-mapping 3ms (cache hit)
692 silly packumentCache full:https://registry.npmjs.org/@jridgewell%2fgen-mapping set size:75941 disposed:false
693 http fetch GET 200 https://registry.npmjs.org/@babel%2fcompat-data 113ms (cache miss)
694 silly packumentCache full:https://registry.npmjs.org/@babel%2fcompat-data set size:undefined disposed:false
695 http fetch GET 200 https://registry.npmjs.org/@babel%2fhelper-globals 61ms (cache miss)
696 silly packumentCache full:https://registry.npmjs.org/@babel%2fhelper-globals set size:undefined disposed:false
697 http fetch GET 200 https://registry.npmjs.org/lru-cache 135ms (cache miss)
698 silly packumentCache full:https://registry.npmjs.org/lru-cache set size:undefined disposed:false
699 http fetch GET 200 https://registry.npmjs.org/@babel%2fhelper-validator-option 140ms (cache miss)
700 silly packumentCache full:https://registry.npmjs.org/@babel%2fhelper-validator-option set size:undefined disposed:false
701 http fetch GET 200 https://registry.npmjs.org/@babel%2fhelper-string-parser 63ms (cache miss)
702 silly packumentCache full:https://registry.npmjs.org/@babel%2fhelper-string-parser set size:undefined disposed:false
703 http fetch GET 200 https://registry.npmjs.org/jsesc 157ms (cache miss)
704 silly packumentCache full:https://registry.npmjs.org/jsesc set size:undefined disposed:false
705 silly placeDep ROOT @jridgewell/gen-mapping@0.3.13 OK for: @babel/generator@7.29.7 want: ^0.3.12
706 silly placeDep ROOT jsesc@3.1.0 OK for: @babel/generator@7.29.7 want: ^3.0.2
707 silly fetch manifest @jridgewell/sourcemap-codec@^1.5.0
708 silly packumentCache full:https://registry.npmjs.org/@jridgewell%2fsourcemap-codec cache-miss
709 http cache https://registry.npmjs.org/@jridgewell%2fsourcemap-codec 2ms (cache hit)
710 silly packumentCache full:https://registry.npmjs.org/@jridgewell%2fsourcemap-codec set size:51856 disposed:false
711 silly placeDep ROOT @babel/compat-data@7.29.7 OK for: @babel/helper-compilation-targets@7.29.7 want: ^7.29.7
712 silly placeDep ROOT @babel/helper-validator-option@7.29.7 OK for: @babel/helper-compilation-targets@7.29.7 want: ^7.29.7
713 silly placeDep ROOT browserslist@4.28.4 OK for: @babel/helper-compilation-targets@7.29.7 want: ^4.24.0
714 silly placeDep ROOT lru-cache@5.1.1 OK for: @babel/helper-compilation-targets@7.29.7 want: ^5.1.1
715 silly placeDep node_modules/@babel/helper-compilation-targets semver@6.3.1 OK for: @babel/helper-compilation-targets@7.29.7 want: ^6.3.1
716 silly fetch manifest caniuse-lite@^1.0.30001799
717 silly packumentCache full:https://registry.npmjs.org/caniuse-lite cache-miss
718 silly fetch manifest node-releases@^2.0.48
719 silly packumentCache full:https://registry.npmjs.org/node-releases cache-miss
720 silly fetch manifest electron-to-chromium@^1.5.376
721 silly packumentCache full:https://registry.npmjs.org/electron-to-chromium cache-miss
722 silly fetch manifest update-browserslist-db@^1.2.3
723 silly packumentCache full:https://registry.npmjs.org/update-browserslist-db cache-miss
724 silly fetch manifest baseline-browser-mapping@^2.10.38
725 silly packumentCache full:https://registry.npmjs.org/baseline-browser-mapping cache-miss
726 silly fetch manifest yallist@^3.0.2
727 silly packumentCache full:https://registry.npmjs.org/yallist cache-miss
728 http fetch GET 200 https://registry.npmjs.org/baseline-browser-mapping 82ms (cache miss)
729 silly packumentCache full:https://registry.npmjs.org/baseline-browser-mapping set size:undefined disposed:false
730 http fetch GET 200 https://registry.npmjs.org/node-releases 87ms (cache miss)
731 silly packumentCache full:https://registry.npmjs.org/node-releases set size:undefined disposed:false
732 http fetch GET 200 https://registry.npmjs.org/update-browserslist-db 103ms (cache miss)
733 silly packumentCache full:https://registry.npmjs.org/update-browserslist-db set size:undefined disposed:false
734 http fetch GET 200 https://registry.npmjs.org/yallist 136ms (cache miss)
735 silly packumentCache full:https://registry.npmjs.org/yallist set size:undefined disposed:false
736 http fetch GET 200 https://registry.npmjs.org/electron-to-chromium 243ms (cache miss)
737 silly packumentCache full:https://registry.npmjs.org/electron-to-chromium set size:undefined disposed:false
738 http fetch GET 200 https://registry.npmjs.org/caniuse-lite 366ms (cache miss)
739 silly packumentCache full:https://registry.npmjs.org/caniuse-lite set size:undefined disposed:false
740 silly placeDep ROOT @babel/helper-module-imports@7.29.7 OK for: @babel/helper-module-transforms@7.29.7 want: ^7.29.7
741 silly placeDep ROOT @babel/helper-globals@7.29.7 OK for: @babel/traverse@7.29.7 want: ^7.29.7
742 silly placeDep ROOT @babel/helper-string-parser@7.29.7 OK for: @babel/types@7.29.7 want: ^7.29.7
743 silly placeDep ROOT @jest/schemas@30.4.1 OK for: @jest/types@30.4.1 want: 30.4.1
744 silly placeDep ROOT @types/istanbul-reports@3.0.4 OK for: @jest/types@30.4.1 want: ^3.0.4
745 silly placeDep ROOT @types/yargs@17.0.35 OK for: @jest/types@30.4.1 want: ^17.0.33
746 silly fetch manifest @sinclair/typebox@^0.34.0
747 silly packumentCache full:https://registry.npmjs.org/@sinclair%2ftypebox cache-miss
748 silly fetch manifest @types/istanbul-lib-report@*
749 silly packumentCache full:https://registry.npmjs.org/@types%2fistanbul-lib-report cache-miss
750 silly fetch manifest @types/yargs-parser@*
751 silly packumentCache full:https://registry.npmjs.org/@types%2fyargs-parser cache-miss
752 http fetch GET 200 https://registry.npmjs.org/@types%2fistanbul-lib-report 66ms (cache miss)
753 silly packumentCache full:https://registry.npmjs.org/@types%2fistanbul-lib-report set size:undefined disposed:false
754 http fetch GET 200 https://registry.npmjs.org/@types%2fyargs-parser 89ms (cache miss)
755 silly packumentCache full:https://registry.npmjs.org/@types%2fyargs-parser set size:undefined disposed:false
756 http fetch GET 200 https://registry.npmjs.org/@sinclair%2ftypebox 197ms (cache miss)
757 silly packumentCache full:https://registry.npmjs.org/@sinclair%2ftypebox set size:undefined disposed:false
758 silly placeDep ROOT @sinclair/typebox@0.34.49 OK for: @jest/schemas@30.4.1 want: ^0.34.0
759 silly placeDep ROOT @jridgewell/sourcemap-codec@1.5.5 OK for: @jridgewell/gen-mapping@0.3.13 want: ^1.5.0
760 silly placeDep ROOT @jridgewell/resolve-uri@3.1.2 OK for: @jridgewell/trace-mapping@0.3.31 want: ^3.1.0
761 silly placeDep ROOT @types/istanbul-lib-report@3.0.3 OK for: @types/istanbul-reports@3.0.4 want: *
762 silly placeDep ROOT @types/yargs-parser@21.0.3 OK for: @types/yargs@17.0.35 want: *
763 silly placeDep ROOT @babel/helper-plugin-utils@7.29.7 OK for: babel-plugin-istanbul@7.0.1 want: ^7.0.0
764 silly placeDep ROOT @istanbuljs/load-nyc-config@1.1.0 OK for: babel-plugin-istanbul@7.0.1 want: ^1.0.0
765 silly placeDep ROOT @istanbuljs/schema@0.1.6 OK for: babel-plugin-istanbul@7.0.1 want: ^0.1.3
766 silly placeDep ROOT test-exclude@6.0.0 OK for: babel-plugin-istanbul@7.0.1 want: ^6.0.0
767 silly fetch manifest camelcase@^5.3.1
768 silly packumentCache full:https://registry.npmjs.org/camelcase cache-miss
769 silly fetch manifest find-up@^4.1.0
770 silly packumentCache full:https://registry.npmjs.org/find-up cache-miss
771 silly fetch manifest get-package-type@^0.1.0
772 silly packumentCache full:https://registry.npmjs.org/get-package-type cache-miss
773 silly fetch manifest js-yaml@^3.13.1
774 silly packumentCache full:https://registry.npmjs.org/js-yaml cache-miss
775 silly fetch manifest glob@^7.1.4
776 silly packumentCache full:https://registry.npmjs.org/glob cache-miss
777 silly fetch manifest minimatch@^3.0.4
778 silly packumentCache full:https://registry.npmjs.org/minimatch cache-miss
779 http cache https://registry.npmjs.org/glob 4ms (cache hit)
780 silly packumentCache full:https://registry.npmjs.org/glob set size:469465 disposed:false
781 http cache https://registry.npmjs.org/minimatch 8ms (cache hit)
782 silly packumentCache full:https://registry.npmjs.org/minimatch set size:375282 disposed:false
783 http cache https://registry.npmjs.org/camelcase 12ms (cache hit)
784 silly packumentCache full:https://registry.npmjs.org/camelcase set size:60255 disposed:false
785 http fetch GET 200 https://registry.npmjs.org/js-yaml 51ms (cache miss)
786 silly packumentCache full:https://registry.npmjs.org/js-yaml set size:undefined disposed:false
787 http fetch GET 200 https://registry.npmjs.org/find-up 95ms (cache miss)
788 silly packumentCache full:https://registry.npmjs.org/find-up set size:undefined disposed:false
789 http fetch GET 200 https://registry.npmjs.org/get-package-type 100ms (cache miss)
790 silly packumentCache full:https://registry.npmjs.org/get-package-type set size:undefined disposed:false
791 silly placeDep ROOT camelcase@5.3.1 OK for: @istanbuljs/load-nyc-config@1.1.0 want: ^5.3.1
792 silly placeDep node_modules/@istanbuljs/load-nyc-config find-up@4.1.0 OK for: @istanbuljs/load-nyc-config@1.1.0 want: ^4.1.0
793 silly placeDep ROOT get-package-type@0.1.0 OK for: @istanbuljs/load-nyc-config@1.1.0 want: ^0.1.0
794 silly placeDep node_modules/@istanbuljs/load-nyc-config js-yaml@3.14.2 OK for: @istanbuljs/load-nyc-config@1.1.0 want: ^3.13.1
795 silly fetch manifest locate-path@^5.0.0
796 silly packumentCache full:https://registry.npmjs.org/locate-path cache-miss
797 silly fetch manifest esprima@^4.0.0
798 silly packumentCache full:https://registry.npmjs.org/esprima cache-miss
799 silly fetch manifest argparse@^1.0.7
800 silly packumentCache full:https://registry.npmjs.org/argparse cache-miss
801 http fetch GET 200 https://registry.npmjs.org/locate-path 49ms (cache miss)
802 silly packumentCache full:https://registry.npmjs.org/locate-path set size:undefined disposed:false
803 http fetch GET 200 https://registry.npmjs.org/argparse 53ms (cache miss)
804 silly packumentCache full:https://registry.npmjs.org/argparse set size:undefined disposed:false
805 http fetch GET 200 https://registry.npmjs.org/esprima 75ms (cache miss)
806 silly packumentCache full:https://registry.npmjs.org/esprima set size:undefined disposed:false
807 silly fetch manifest browserslist@>= 4.21.0
808 silly packumentCache full:https://registry.npmjs.org/browserslist cache-miss
809 http cache https://registry.npmjs.org/browserslist 2ms (cache hit)
810 silly packumentCache full:https://registry.npmjs.org/browserslist set size:509301 disposed:false
811 silly placeDep ROOT baseline-browser-mapping@2.10.40 OK for: browserslist@4.28.4 want: ^2.10.38
812 silly placeDep ROOT caniuse-lite@1.0.30001799 OK for: browserslist@4.28.4 want: ^1.0.30001799
813 silly placeDep ROOT electron-to-chromium@1.5.379 OK for: browserslist@4.28.4 want: ^1.5.376
814 silly placeDep ROOT node-releases@2.0.50 OK for: browserslist@4.28.4 want: ^2.0.48
815 silly placeDep ROOT update-browserslist-db@1.2.3 OK for: browserslist@4.28.4 want: ^1.2.3
816 silly placeDep node_modules/chalk ansi-styles@4.3.0 OK for: chalk@4.1.2 want: ^4.1.0
817 silly placeDep ROOT supports-color@7.2.0 OK for: chalk@4.1.2 want: ^7.1.0
818 silly fetch manifest color-convert@^2.0.1
819 silly packumentCache full:https://registry.npmjs.org/color-convert cache-miss
820 silly fetch manifest has-flag@^4.0.0
821 silly packumentCache full:https://registry.npmjs.org/has-flag cache-miss
822 http fetch GET 200 https://registry.npmjs.org/has-flag 47ms (cache miss)
823 silly packumentCache full:https://registry.npmjs.org/has-flag set size:undefined disposed:false
824 http fetch GET 200 https://registry.npmjs.org/color-convert 122ms (cache miss)
825 silly packumentCache full:https://registry.npmjs.org/color-convert set size:undefined disposed:false
826 silly placeDep ROOT foreground-child@3.3.1 OK for: glob@10.5.0 want: ^3.1.0
827 silly placeDep ROOT jackspeak@3.4.3 OK for: glob@10.5.0 want: ^3.1.2
828 silly placeDep node_modules/glob minimatch@9.0.9 OK for: glob@10.5.0 want: ^9.0.4
829 silly placeDep ROOT minipass@7.1.3 OK for: glob@10.5.0 want: ^7.1.2
830 silly placeDep ROOT package-json-from-dist@1.0.1 OK for: glob@10.5.0 want: ^1.0.0
831 silly placeDep ROOT path-scurry@1.11.1 OK for: glob@10.5.0 want: ^1.11.1
832 silly fetch manifest @isaacs/cliui@^8.0.2
833 silly packumentCache full:https://registry.npmjs.org/@isaacs%2fcliui cache-miss
834 silly fetch manifest @pkgjs/parseargs@^0.11.0
835 silly packumentCache full:https://registry.npmjs.org/@pkgjs%2fparseargs cache-miss
836 silly fetch manifest brace-expansion@^2.0.2
837 silly packumentCache full:https://registry.npmjs.org/brace-expansion cache-miss
838 silly fetch manifest lru-cache@^10.2.0
839 silly packumentCache full:https://registry.npmjs.org/lru-cache cache-miss
840 http cache https://registry.npmjs.org/lru-cache 9ms (cache hit)
841 silly packumentCache full:https://registry.npmjs.org/lru-cache set size:456196 disposed:false
842 http fetch GET 200 https://registry.npmjs.org/brace-expansion 50ms (cache miss)
843 silly packumentCache full:https://registry.npmjs.org/brace-expansion set size:undefined disposed:false
844 http fetch GET 200 https://registry.npmjs.org/@isaacs%2fcliui 115ms (cache miss)
845 silly packumentCache full:https://registry.npmjs.org/@isaacs%2fcliui set size:undefined disposed:false
846 http fetch GET 200 https://registry.npmjs.org/@pkgjs%2fparseargs 147ms (cache miss)
847 silly packumentCache full:https://registry.npmjs.org/@pkgjs%2fparseargs set size:undefined disposed:false
848 silly placeDep ROOT pkg-dir@4.2.0 OK for: import-local@3.2.0 want: ^4.2.0
849 silly placeDep ROOT resolve-cwd@3.0.0 OK for: import-local@3.2.0 want: ^3.0.0
850 silly fetch manifest find-up@^4.0.0
851 silly packumentCache full:https://registry.npmjs.org/find-up cache-miss
852 http cache https://registry.npmjs.org/find-up 2ms (cache hit)
853 silly packumentCache full:https://registry.npmjs.org/find-up set size:42620 disposed:false
854 silly placeDep ROOT make-dir@4.0.0 OK for: istanbul-lib-report@3.0.1 want: ^4.0.0
855 silly placeDep ROOT html-escaper@2.0.2 OK for: istanbul-reports@3.2.0 want: ^2.0.0
856 silly placeDep ROOT @isaacs/cliui@8.0.2 OK for: jackspeak@3.4.3 want: ^8.0.2
857 silly placeDep ROOT @pkgjs/parseargs@0.11.0 OK for: jackspeak@3.4.3 want: ^0.11.0
858 silly fetch manifest wrap-ansi@^8.1.0
859 silly packumentCache full:https://registry.npmjs.org/wrap-ansi cache-miss
860 silly fetch manifest string-width@^5.1.2
861 silly packumentCache full:https://registry.npmjs.org/string-width cache-miss
862 silly fetch manifest wrap-ansi-cjs@npm:wrap-ansi@^7.0.0
863 silly packumentCache full:https://registry.npmjs.org/wrap-ansi cache-miss
864 silly fetch manifest strip-ansi-cjs@npm:strip-ansi@^6.0.1
865 silly packumentCache full:https://registry.npmjs.org/strip-ansi cache-miss
866 silly fetch manifest string-width-cjs@npm:string-width@^4.2.0
867 silly packumentCache full:https://registry.npmjs.org/string-width cache-miss
868 http cache https://registry.npmjs.org/strip-ansi 4ms (cache hit)
869 silly packumentCache full:https://registry.npmjs.org/strip-ansi set size:44998 disposed:false
870 http fetch GET 200 https://registry.npmjs.org/wrap-ansi 55ms (cache miss)
871 silly packumentCache full:https://registry.npmjs.org/wrap-ansi set size:undefined disposed:false
872 http fetch GET 200 https://registry.npmjs.org/string-width 56ms (cache miss)
873 silly packumentCache full:https://registry.npmjs.org/string-width set size:undefined disposed:false
874 http fetch GET 200 https://registry.npmjs.org/wrap-ansi 58ms (cache miss)
875 silly packumentCache full:https://registry.npmjs.org/wrap-ansi set size:undefined disposed:false
876 http fetch GET 200 https://registry.npmjs.org/string-width 75ms (cache miss)
877 silly packumentCache full:https://registry.npmjs.org/string-width set size:undefined disposed:false
878 silly placeDep node_modules/@isaacs/cliui string-width@5.1.2 OK for: @isaacs/cliui@8.0.2 want: ^5.1.2
879 silly placeDep ROOT string-width-cjs@4.2.3 OK for: @isaacs/cliui@8.0.2 want: npm:string-width@^4.2.0
880 silly placeDep ROOT strip-ansi-cjs@6.0.1 OK for: @isaacs/cliui@8.0.2 want: npm:strip-ansi@^6.0.1
881 silly placeDep node_modules/@isaacs/cliui wrap-ansi@8.1.0 OK for: @isaacs/cliui@8.0.2 want: ^8.1.0
882 silly placeDep ROOT wrap-ansi-cjs@7.0.0 OK for: @isaacs/cliui@8.0.2 want: npm:wrap-ansi@^7.0.0
883 silly fetch manifest emoji-regex@^9.2.2
884 silly packumentCache full:https://registry.npmjs.org/emoji-regex cache-miss
885 silly fetch manifest eastasianwidth@^0.2.0
886 silly packumentCache full:https://registry.npmjs.org/eastasianwidth cache-miss
887 silly fetch manifest strip-ansi@^6.0.1
888 silly packumentCache full:https://registry.npmjs.org/strip-ansi cache-hit
889 silly fetch manifest emoji-regex@^8.0.0
890 silly packumentCache full:https://registry.npmjs.org/emoji-regex cache-miss
891 silly fetch manifest is-fullwidth-code-point@^3.0.0
892 silly packumentCache full:https://registry.npmjs.org/is-fullwidth-code-point cache-miss
893 silly fetch manifest ansi-regex@^5.0.1
894 silly packumentCache full:https://registry.npmjs.org/ansi-regex cache-miss
895 silly fetch manifest ansi-styles@^4.0.0
896 silly packumentCache full:https://registry.npmjs.org/ansi-styles cache-hit
897 silly fetch manifest string-width@^4.1.0
898 silly packumentCache full:https://registry.npmjs.org/string-width cache-miss
899 http cache https://registry.npmjs.org/string-width 4ms (cache hit)
900 silly packumentCache full:https://registry.npmjs.org/string-width set size:70381 disposed:false
901 http fetch GET 200 https://registry.npmjs.org/ansi-regex 64ms (cache miss)
902 silly packumentCache full:https://registry.npmjs.org/ansi-regex set size:undefined disposed:false
903 http fetch GET 200 https://registry.npmjs.org/is-fullwidth-code-point 69ms (cache miss)
904 silly packumentCache full:https://registry.npmjs.org/is-fullwidth-code-point set size:undefined disposed:false
905 http fetch GET 200 https://registry.npmjs.org/emoji-regex 82ms (cache miss)
906 silly packumentCache full:https://registry.npmjs.org/emoji-regex set size:undefined disposed:false
907 http fetch GET 200 https://registry.npmjs.org/eastasianwidth 87ms (cache miss)
908 silly packumentCache full:https://registry.npmjs.org/eastasianwidth set size:undefined disposed:false
909 http fetch GET 200 https://registry.npmjs.org/emoji-regex 123ms (cache miss)
910 silly packumentCache full:https://registry.npmjs.org/emoji-regex set size:undefined disposed:false
911 silly placeDep ROOT execa@5.1.1 OK for: jest-changed-files@30.4.1 want: ^5.1.1
912 silly fetch manifest onetime@^5.1.2
913 silly packumentCache full:https://registry.npmjs.org/onetime cache-miss
914 silly fetch manifest is-stream@^2.0.0
915 silly packumentCache full:https://registry.npmjs.org/is-stream cache-miss
916 silly fetch manifest get-stream@^6.0.0
917 silly packumentCache full:https://registry.npmjs.org/get-stream cache-miss
918 silly fetch manifest signal-exit@^3.0.3
919 silly packumentCache full:https://registry.npmjs.org/signal-exit cache-miss
920 silly fetch manifest npm-run-path@^4.0.1
921 silly packumentCache full:https://registry.npmjs.org/npm-run-path cache-miss
922 silly fetch manifest human-signals@^2.1.0
923 silly packumentCache full:https://registry.npmjs.org/human-signals cache-miss
924 silly fetch manifest strip-final-newline@^2.0.0
925 silly packumentCache full:https://registry.npmjs.org/strip-final-newline cache-miss
926 http fetch GET 200 https://registry.npmjs.org/npm-run-path 47ms (cache miss)
927 silly packumentCache full:https://registry.npmjs.org/npm-run-path set size:undefined disposed:false
928 http fetch GET 200 https://registry.npmjs.org/signal-exit 47ms (cache miss)
929 silly packumentCache full:https://registry.npmjs.org/signal-exit set size:undefined disposed:false
930 http fetch GET 200 https://registry.npmjs.org/onetime 54ms (cache miss)
931 silly packumentCache full:https://registry.npmjs.org/onetime set size:undefined disposed:false
932 http fetch GET 200 https://registry.npmjs.org/is-stream 55ms (cache miss)
933 silly packumentCache full:https://registry.npmjs.org/is-stream set size:undefined disposed:false
934 http fetch GET 200 https://registry.npmjs.org/get-stream 58ms (cache miss)
935 silly packumentCache full:https://registry.npmjs.org/get-stream set size:undefined disposed:false
936 http fetch GET 200 https://registry.npmjs.org/strip-final-newline 99ms (cache miss)
937 silly packumentCache full:https://registry.npmjs.org/strip-final-newline set size:undefined disposed:false
938 http fetch GET 200 https://registry.npmjs.org/human-signals 107ms (cache miss)
939 silly packumentCache full:https://registry.npmjs.org/human-signals set size:undefined disposed:false
940 silly placeDep ROOT get-stream@6.0.1 OK for: execa@5.1.1 want: ^6.0.0
941 silly placeDep ROOT human-signals@2.1.0 OK for: execa@5.1.1 want: ^2.1.0
942 silly placeDep ROOT is-stream@2.0.1 OK for: execa@5.1.1 want: ^2.0.0
943 silly placeDep ROOT merge-stream@2.0.0 OK for: execa@5.1.1 want: ^2.0.0
944 silly placeDep ROOT npm-run-path@4.0.1 OK for: execa@5.1.1 want: ^4.0.1
945 silly placeDep node_modules/execa onetime@5.1.2 OK for: execa@5.1.1 want: ^5.1.2
946 silly placeDep node_modules/execa signal-exit@3.0.7 OK for: execa@5.1.1 want: ^3.0.3
947 silly placeDep ROOT strip-final-newline@2.0.0 OK for: execa@5.1.1 want: ^2.0.0
948 silly fetch manifest mimic-fn@^2.1.0
949 silly packumentCache full:https://registry.npmjs.org/mimic-fn cache-miss
950 http fetch GET 200 https://registry.npmjs.org/mimic-fn 47ms (cache miss)
951 silly packumentCache full:https://registry.npmjs.org/mimic-fn set size:undefined disposed:false
952 silly placeDep node_modules/jest-cli yargs@17.7.3 OK for: jest-cli@30.4.2 want: ^17.7.2
953 silly fetch manifest cliui@^8.0.1
954 silly packumentCache full:https://registry.npmjs.org/cliui cache-miss
955 silly fetch manifest require-directory@^2.1.1
956 silly packumentCache full:https://registry.npmjs.org/require-directory cache-miss
957 silly fetch manifest string-width@^4.2.3
958 silly packumentCache full:https://registry.npmjs.org/string-width cache-hit
959 silly fetch manifest yargs-parser@^21.1.1
960 silly packumentCache full:https://registry.npmjs.org/yargs-parser cache-miss
961 http fetch GET 200 https://registry.npmjs.org/cliui 50ms (cache miss)
962 silly packumentCache full:https://registry.npmjs.org/cliui set size:undefined disposed:false
963 http fetch GET 200 https://registry.npmjs.org/require-directory 62ms (cache miss)
964 silly packumentCache full:https://registry.npmjs.org/require-directory set size:undefined disposed:false
965 http fetch GET 200 https://registry.npmjs.org/yargs-parser 79ms (cache miss)
966 silly packumentCache full:https://registry.npmjs.org/yargs-parser set size:undefined disposed:false
967 silly placeDep ROOT @jest/get-type@30.1.0 OK for: jest-config@30.4.2 want: 30.1.0
968 silly placeDep ROOT @jest/test-sequencer@30.4.1 OK for: jest-config@30.4.2 want: 30.4.1
969 silly placeDep ROOT babel-jest@30.4.1 OK for: jest-config@30.4.2 want: 30.4.1
970 silly placeDep ROOT deepmerge@4.3.1 OK for: jest-config@30.4.2 want: ^4.3.1
971 silly placeDep ROOT jest-circus@30.4.2 OK for: jest-config@30.4.2 want: 30.4.2
972 silly placeDep ROOT jest-docblock@30.4.0 OK for: jest-config@30.4.2 want: 30.4.0
973 silly placeDep ROOT jest-environment-node@30.4.1 OK for: jest-config@30.4.2 want: 30.4.1
974 silly placeDep ROOT strip-json-comments@3.1.1 OK for: jest-config@30.4.2 want: ^3.1.1
975 silly fetch manifest @types/babel__core@^7.20.5
976 silly packumentCache full:https://registry.npmjs.org/@types%2fbabel__core cache-miss
977 silly fetch manifest babel-preset-jest@30.4.0
978 silly packumentCache full:https://registry.npmjs.org/babel-preset-jest cache-miss
979 silly fetch manifest @jest/expect@30.4.1
980 silly packumentCache full:https://registry.npmjs.org/@jest%2fexpect cache-miss
981 silly fetch manifest co@^4.6.0
982 silly packumentCache full:https://registry.npmjs.org/co cache-miss
983 silly fetch manifest dedent@^1.6.0
984 silly packumentCache full:https://registry.npmjs.org/dedent cache-miss
985 silly fetch manifest is-generator-fn@^2.1.0
986 silly packumentCache full:https://registry.npmjs.org/is-generator-fn cache-miss
987 silly fetch manifest jest-each@30.4.1
988 silly packumentCache full:https://registry.npmjs.org/jest-each cache-miss
989 http fetch GET 200 https://registry.npmjs.org/@types%2fbabel__core 73ms (cache miss)
990 silly packumentCache full:https://registry.npmjs.org/@types%2fbabel__core set size:undefined disposed:false
991 silly fetch manifest pure-rand@^7.0.0
992 silly packumentCache full:https://registry.npmjs.org/pure-rand cache-miss
993 http fetch GET 200 https://registry.npmjs.org/is-generator-fn 76ms (cache miss)
994 silly packumentCache full:https://registry.npmjs.org/is-generator-fn set size:undefined disposed:false
995 silly fetch manifest detect-newline@^3.1.0
996 silly packumentCache full:https://registry.npmjs.org/detect-newline cache-miss
997 http fetch GET 200 https://registry.npmjs.org/co 77ms (cache miss)
998 silly packumentCache full:https://registry.npmjs.org/co set size:undefined disposed:false
999 http fetch GET 200 https://registry.npmjs.org/@jest%2fexpect 123ms (cache miss)
1000 silly packumentCache full:https://registry.npmjs.org/@jest%2fexpect set size:undefined disposed:false
1001 http fetch GET 200 https://registry.npmjs.org/dedent 170ms (cache miss)
1002 silly packumentCache full:https://registry.npmjs.org/dedent set size:undefined disposed:false
1003 http fetch GET 200 https://registry.npmjs.org/pure-rand 99ms (cache miss)
1004 silly packumentCache full:https://registry.npmjs.org/pure-rand set size:undefined disposed:false
1005 http fetch GET 200 https://registry.npmjs.org/jest-each 222ms (cache miss)
1006 silly packumentCache full:https://registry.npmjs.org/jest-each set size:undefined disposed:false
1007 http fetch GET 200 https://registry.npmjs.org/detect-newline 162ms (cache miss)
1008 silly packumentCache full:https://registry.npmjs.org/detect-newline set size:undefined disposed:false
1009 http fetch GET 200 https://registry.npmjs.org/babel-preset-jest 249ms (cache miss)
1010 silly packumentCache full:https://registry.npmjs.org/babel-preset-jest set size:undefined disposed:false
1011 silly fetch manifest @babel/core@^7.11.0 || ^8.0.0-0
1012 silly packumentCache full:https://registry.npmjs.org/@babel%2fcore cache-hit
1013 silly placeDep ROOT @types/babel__core@7.20.5 OK for: babel-jest@30.4.1 want: ^7.20.5
1014 silly placeDep ROOT babel-preset-jest@30.4.0 OK for: babel-jest@30.4.1 want: 30.4.0
1015 silly fetch manifest @types/babel__template@*
1016 silly packumentCache full:https://registry.npmjs.org/@types%2fbabel__template cache-miss
1017 silly fetch manifest @types/babel__traverse@*
1018 silly packumentCache full:https://registry.npmjs.org/@types%2fbabel__traverse cache-miss
1019 silly fetch manifest @types/babel__generator@*
1020 silly packumentCache full:https://registry.npmjs.org/@types%2fbabel__generator cache-miss
1021 silly fetch manifest babel-plugin-jest-hoist@30.4.0
1022 silly packumentCache full:https://registry.npmjs.org/babel-plugin-jest-hoist cache-miss
1023 http fetch GET 200 https://registry.npmjs.org/@types%2fbabel__generator 80ms (cache miss)
1024 silly packumentCache full:https://registry.npmjs.org/@types%2fbabel__generator set size:undefined disposed:false
1025 http fetch GET 200 https://registry.npmjs.org/babel-plugin-jest-hoist 136ms (cache miss)
1026 silly packumentCache full:https://registry.npmjs.org/babel-plugin-jest-hoist set size:undefined disposed:false
1027 http fetch GET 200 https://registry.npmjs.org/@types%2fbabel__template 231ms (cache miss)
1028 silly packumentCache full:https://registry.npmjs.org/@types%2fbabel__template set size:undefined disposed:false
1029 http fetch GET 200 https://registry.npmjs.org/@types%2fbabel__traverse 241ms (cache miss)
1030 silly packumentCache full:https://registry.npmjs.org/@types%2fbabel__traverse set size:undefined disposed:false
1031 silly placeDep ROOT @types/babel__generator@7.27.0 OK for: @types/babel__core@7.20.5 want: *
1032 silly placeDep ROOT @types/babel__template@7.4.4 OK for: @types/babel__core@7.20.5 want: *
1033 silly placeDep ROOT @types/babel__traverse@7.28.0 OK for: @types/babel__core@7.20.5 want: *
1034 silly fetch manifest @babel/core@^7.11.0 || ^8.0.0-beta.1
1035 silly packumentCache full:https://registry.npmjs.org/@babel%2fcore cache-hit
1036 silly placeDep ROOT babel-plugin-jest-hoist@30.4.0 OK for: babel-preset-jest@30.4.0 want: 30.4.0
1037 silly placeDep ROOT babel-preset-current-node-syntax@1.2.0 OK for: babel-preset-jest@30.4.0 want: ^1.2.0
1038 silly fetch manifest @babel/plugin-syntax-async-generators@^7.8.4
1039 silly packumentCache full:https://registry.npmjs.org/@babel%2fplugin-syntax-async-generators cache-miss
1040 silly fetch manifest @babel/plugin-syntax-bigint@^7.8.3
1041 silly packumentCache full:https://registry.npmjs.org/@babel%2fplugin-syntax-bigint cache-miss
1042 silly fetch manifest @babel/plugin-syntax-class-properties@^7.12.13
1043 silly packumentCache full:https://registry.npmjs.org/@babel%2fplugin-syntax-class-properties cache-miss
1044 silly fetch manifest @babel/plugin-syntax-class-static-block@^7.14.5
1045 silly packumentCache full:https://registry.npmjs.org/@babel%2fplugin-syntax-class-static-block cache-miss
1046 silly fetch manifest @babel/plugin-syntax-import-attributes@^7.24.7
1047 silly packumentCache full:https://registry.npmjs.org/@babel%2fplugin-syntax-import-attributes cache-miss
1048 silly fetch manifest @babel/plugin-syntax-import-meta@^7.10.4
1049 silly packumentCache full:https://registry.npmjs.org/@babel%2fplugin-syntax-import-meta cache-miss
1050 silly fetch manifest @babel/plugin-syntax-json-strings@^7.8.3
1051 silly packumentCache full:https://registry.npmjs.org/@babel%2fplugin-syntax-json-strings cache-miss
1052 http fetch GET 200 https://registry.npmjs.org/@babel%2fplugin-syntax-async-generators 169ms (cache miss)
1053 silly packumentCache full:https://registry.npmjs.org/@babel%2fplugin-syntax-async-generators set size:undefined disposed:false
1054 silly fetch manifest @babel/plugin-syntax-logical-assignment-operators@^7.10.4
1055 silly packumentCache full:https://registry.npmjs.org/@babel%2fplugin-syntax-logical-assignment-operators cache-miss
1056 http fetch GET 200 https://registry.npmjs.org/@babel%2fplugin-syntax-class-static-block 173ms (cache miss)
1057 silly packumentCache full:https://registry.npmjs.org/@babel%2fplugin-syntax-class-static-block set size:undefined disposed:false
1058 silly fetch manifest @babel/plugin-syntax-nullish-coalescing-operator@^7.8.3
1059 silly packumentCache full:https://registry.npmjs.org/@babel%2fplugin-syntax-nullish-coalescing-operator cache-miss
1060 http fetch GET 200 https://registry.npmjs.org/@babel%2fplugin-syntax-import-attributes 191ms (cache miss)
1061 silly packumentCache full:https://registry.npmjs.org/@babel%2fplugin-syntax-import-attributes set size:undefined disposed:false
1062 silly fetch manifest @babel/plugin-syntax-numeric-separator@^7.10.4
1063 silly packumentCache full:https://registry.npmjs.org/@babel%2fplugin-syntax-numeric-separator cache-miss
1064 http fetch GET 200 https://registry.npmjs.org/@babel%2fplugin-syntax-import-meta 268ms (cache miss)
1065 silly packumentCache full:https://registry.npmjs.org/@babel%2fplugin-syntax-import-meta set size:undefined disposed:false
1066 silly fetch manifest @babel/plugin-syntax-object-rest-spread@^7.8.3
1067 silly packumentCache full:https://registry.npmjs.org/@babel%2fplugin-syntax-object-rest-spread cache-miss
1068 http fetch GET 200 https://registry.npmjs.org/@babel%2fplugin-syntax-class-properties 271ms (cache miss)
1069 silly packumentCache full:https://registry.npmjs.org/@babel%2fplugin-syntax-class-properties set size:undefined disposed:false
1070 silly fetch manifest @babel/plugin-syntax-optional-catch-binding@^7.8.3
1071 silly packumentCache full:https://registry.npmjs.org/@babel%2fplugin-syntax-optional-catch-binding cache-miss
1072 http fetch GET 200 https://registry.npmjs.org/@babel%2fplugin-syntax-nullish-coalescing-operator 98ms (cache miss)
1073 silly packumentCache full:https://registry.npmjs.org/@babel%2fplugin-syntax-nullish-coalescing-operator set size:undefined disposed:false
1074 silly fetch manifest @babel/plugin-syntax-optional-chaining@^7.8.3
1075 silly packumentCache full:https://registry.npmjs.org/@babel%2fplugin-syntax-optional-chaining cache-miss
1076 http fetch GET 200 https://registry.npmjs.org/@babel%2fplugin-syntax-bigint 325ms (cache miss)
1077 silly packumentCache full:https://registry.npmjs.org/@babel%2fplugin-syntax-bigint set size:undefined disposed:false
1078 silly fetch manifest @babel/plugin-syntax-private-property-in-object@^7.14.5
1079 silly packumentCache full:https://registry.npmjs.org/@babel%2fplugin-syntax-private-property-in-object cache-miss
1080 http fetch GET 200 https://registry.npmjs.org/@babel%2fplugin-syntax-object-rest-spread 165ms (cache miss)
1081 silly packumentCache full:https://registry.npmjs.org/@babel%2fplugin-syntax-object-rest-spread set size:undefined disposed:false
1082 silly fetch manifest @babel/plugin-syntax-top-level-await@^7.14.5
1083 silly packumentCache full:https://registry.npmjs.org/@babel%2fplugin-syntax-top-level-await cache-miss
1084 http fetch GET 200 https://registry.npmjs.org/@babel%2fplugin-syntax-logical-assignment-operators 269ms (cache miss)
1085 silly packumentCache full:https://registry.npmjs.org/@babel%2fplugin-syntax-logical-assignment-operators set size:undefined disposed:false
1086 http fetch GET 200 https://registry.npmjs.org/@babel%2fplugin-syntax-json-strings 443ms (cache miss)
1087 silly packumentCache full:https://registry.npmjs.org/@babel%2fplugin-syntax-json-strings set size:undefined disposed:false
1088 http fetch GET 200 https://registry.npmjs.org/@babel%2fplugin-syntax-optional-catch-binding 181ms (cache miss)
1089 silly packumentCache full:https://registry.npmjs.org/@babel%2fplugin-syntax-optional-catch-binding set size:undefined disposed:false
1090 http fetch GET 200 https://registry.npmjs.org/@babel%2fplugin-syntax-numeric-separator 324ms (cache miss)
1091 silly packumentCache full:https://registry.npmjs.org/@babel%2fplugin-syntax-numeric-separator set size:undefined disposed:false
1092 http fetch GET 200 https://registry.npmjs.org/@babel%2fplugin-syntax-private-property-in-object 194ms (cache miss)
1093 silly packumentCache full:https://registry.npmjs.org/@babel%2fplugin-syntax-private-property-in-object set size:undefined disposed:false
1094 http fetch GET 200 https://registry.npmjs.org/@babel%2fplugin-syntax-optional-chaining 257ms (cache miss)
1095 silly packumentCache full:https://registry.npmjs.org/@babel%2fplugin-syntax-optional-chaining set size:undefined disposed:false
1096 http fetch GET 200 https://registry.npmjs.org/@babel%2fplugin-syntax-top-level-await 439ms (cache miss)
1097 silly packumentCache full:https://registry.npmjs.org/@babel%2fplugin-syntax-top-level-await set size:undefined disposed:false
1098 silly fetch manifest @babel/core@^7.0.0 || ^8.0.0-0
1099 silly packumentCache full:https://registry.npmjs.org/@babel%2fcore cache-hit
1100 silly fetch manifest @babel/core@^7.0.0-0
1101 silly packumentCache full:https://registry.npmjs.org/@babel%2fcore cache-hit
1102 silly placeDep ROOT @babel/plugin-syntax-async-generators@7.8.4 OK for: babel-preset-current-node-syntax@1.2.0 want: ^7.8.4
1103 silly placeDep ROOT @babel/plugin-syntax-bigint@7.8.3 OK for: babel-preset-current-node-syntax@1.2.0 want: ^7.8.3
1104 silly placeDep ROOT @babel/plugin-syntax-class-properties@7.12.13 OK for: babel-preset-current-node-syntax@1.2.0 want: ^7.12.13
1105 silly placeDep ROOT @babel/plugin-syntax-class-static-block@7.14.5 OK for: babel-preset-current-node-syntax@1.2.0 want: ^7.14.5
1106 silly placeDep ROOT @babel/plugin-syntax-import-attributes@7.29.7 OK for: babel-preset-current-node-syntax@1.2.0 want: ^7.24.7
1107 silly placeDep ROOT @babel/plugin-syntax-import-meta@7.10.4 OK for: babel-preset-current-node-syntax@1.2.0 want: ^7.10.4
1108 silly placeDep ROOT @babel/plugin-syntax-json-strings@7.8.3 OK for: babel-preset-current-node-syntax@1.2.0 want: ^7.8.3
1109 silly placeDep ROOT @babel/plugin-syntax-logical-assignment-operators@7.10.4 OK for: babel-preset-current-node-syntax@1.2.0 want: ^7.10.4
1110 silly placeDep ROOT @babel/plugin-syntax-nullish-coalescing-operator@7.8.3 OK for: babel-preset-current-node-syntax@1.2.0 want: ^7.8.3
1111 silly placeDep ROOT @babel/plugin-syntax-numeric-separator@7.10.4 OK for: babel-preset-current-node-syntax@1.2.0 want: ^7.10.4
1112 silly placeDep ROOT @babel/plugin-syntax-object-rest-spread@7.8.3 OK for: babel-preset-current-node-syntax@1.2.0 want: ^7.8.3
1113 silly placeDep ROOT @babel/plugin-syntax-optional-catch-binding@7.8.3 OK for: babel-preset-current-node-syntax@1.2.0 want: ^7.8.3
1114 silly placeDep ROOT @babel/plugin-syntax-optional-chaining@7.8.3 OK for: babel-preset-current-node-syntax@1.2.0 want: ^7.8.3
1115 silly placeDep ROOT @babel/plugin-syntax-private-property-in-object@7.14.5 OK for: babel-preset-current-node-syntax@1.2.0 want: ^7.14.5
1116 silly placeDep ROOT @babel/plugin-syntax-top-level-await@7.14.5 OK for: babel-preset-current-node-syntax@1.2.0 want: ^7.14.5
1117 silly fetch manifest babel-plugin-macros@^3.1.0
1118 silly packumentCache full:https://registry.npmjs.org/babel-plugin-macros cache-miss
1119 http fetch GET 200 https://registry.npmjs.org/babel-plugin-macros 211ms (cache miss)
1120 silly packumentCache full:https://registry.npmjs.org/babel-plugin-macros set size:undefined disposed:false
1121 silly placeDep ROOT @jest/environment@30.4.1 OK for: jest-circus@30.4.2 want: 30.4.1
1122 silly placeDep ROOT @jest/expect@30.4.1 OK for: jest-circus@30.4.2 want: 30.4.1
1123 silly placeDep ROOT co@4.6.0 OK for: jest-circus@30.4.2 want: ^4.6.0
1124 silly placeDep ROOT dedent@1.7.2 OK for: jest-circus@30.4.2 want: ^1.6.0
1125 silly placeDep ROOT is-generator-fn@2.1.0 OK for: jest-circus@30.4.2 want: ^2.1.0
1126 silly placeDep ROOT jest-each@30.4.1 OK for: jest-circus@30.4.2 want: 30.4.1
1127 silly placeDep ROOT jest-matcher-utils@30.4.1 OK for: jest-circus@30.4.2 want: 30.4.1
1128 silly placeDep ROOT pure-rand@7.0.1 OK for: jest-circus@30.4.2 want: ^7.0.0
1129 silly placeDep ROOT stack-utils@2.0.6 OK for: jest-circus@30.4.2 want: ^2.0.6
1130 silly fetch manifest escape-string-regexp@^2.0.0
1131 silly packumentCache full:https://registry.npmjs.org/escape-string-regexp cache-miss
1132 http fetch GET 200 https://registry.npmjs.org/escape-string-regexp 270ms (cache miss)
1133 silly packumentCache full:https://registry.npmjs.org/escape-string-regexp set size:undefined disposed:false
1134 silly placeDep ROOT @jest/fake-timers@30.4.1 OK for: @jest/environment@30.4.1 want: 30.4.1
1135 silly placeDep ROOT jest-mock@30.4.1 OK for: @jest/environment@30.4.1 want: 30.4.1
1136 silly fetch manifest @sinonjs/fake-timers@^15.4.0
1137 silly packumentCache full:https://registry.npmjs.org/@sinonjs%2ffake-timers cache-miss
1138 http fetch GET 200 https://registry.npmjs.org/@sinonjs%2ffake-timers 165ms (cache miss)
1139 silly packumentCache full:https://registry.npmjs.org/@sinonjs%2ffake-timers set size:undefined disposed:false
1140 silly placeDep ROOT expect@30.4.1 OK for: @jest/expect@30.4.1 want: 30.4.1
1141 silly placeDep ROOT @sinonjs/fake-timers@15.4.0 OK for: @jest/fake-timers@30.4.1 want: ^15.4.0
1142 silly fetch manifest @sinonjs/commons@^3.0.1
1143 silly packumentCache full:https://registry.npmjs.org/@sinonjs%2fcommons cache-miss
1144 http fetch GET 200 https://registry.npmjs.org/@sinonjs%2fcommons 176ms (cache miss)
1145 silly packumentCache full:https://registry.npmjs.org/@sinonjs%2fcommons set size:undefined disposed:false
1146 silly placeDep ROOT @sinonjs/commons@3.0.1 OK for: @sinonjs/fake-timers@15.4.0 want: ^3.0.1
1147 silly fetch manifest type-detect@4.0.8
1148 silly packumentCache full:https://registry.npmjs.org/type-detect cache-miss
1149 http fetch GET 200 https://registry.npmjs.org/type-detect 72ms (cache miss)
1150 silly packumentCache full:https://registry.npmjs.org/type-detect set size:undefined disposed:false
1151 silly placeDep ROOT type-detect@4.0.8 OK for: @sinonjs/commons@3.0.1 want: 4.0.8
1152 silly placeDep ROOT @jest/expect-utils@30.4.1 OK for: expect@30.4.1 want: 30.4.1
1153 silly placeDep ROOT detect-newline@3.1.0 OK for: jest-docblock@30.4.0 want: ^3.1.0
1154 silly placeDep ROOT anymatch@3.1.3 OK for: jest-haste-map@30.4.1 want: ^3.1.3
1155 silly placeDep ROOT fb-watchman@2.0.2 OK for: jest-haste-map@30.4.1 want: ^2.0.2
1156 silly placeDep ROOT fsevents@2.3.3 OK for: jest-haste-map@30.4.1 want: ^2.3.3
1157 silly placeDep ROOT walker@1.0.8 OK for: jest-haste-map@30.4.1 want: ^1.0.8
1158 silly fetch manifest picomatch@^2.0.4
1159 silly packumentCache full:https://registry.npmjs.org/picomatch cache-miss
1160 silly fetch manifest normalize-path@^3.0.0
1161 silly packumentCache full:https://registry.npmjs.org/normalize-path cache-miss
1162 silly fetch manifest bser@2.1.1
1163 silly packumentCache full:https://registry.npmjs.org/bser cache-miss
1164 silly fetch manifest makeerror@1.0.12
1165 silly packumentCache full:https://registry.npmjs.org/makeerror cache-miss
1166 http fetch GET 200 https://registry.npmjs.org/normalize-path 131ms (cache miss)
1167 silly packumentCache full:https://registry.npmjs.org/normalize-path set size:undefined disposed:false
1168 http fetch GET 200 https://registry.npmjs.org/picomatch 137ms (cache miss)
1169 silly packumentCache full:https://registry.npmjs.org/picomatch set size:undefined disposed:false
1170 http fetch GET 200 https://registry.npmjs.org/bser 193ms (cache miss)
1171 silly packumentCache full:https://registry.npmjs.org/bser set size:undefined disposed:false
1172 http fetch GET 200 https://registry.npmjs.org/makeerror 196ms (cache miss)
1173 silly packumentCache full:https://registry.npmjs.org/makeerror set size:undefined disposed:false
1174 silly placeDep ROOT normalize-path@3.0.0 OK for: anymatch@3.1.3 want: ^3.0.0
1175 silly placeDep node_modules/anymatch picomatch@2.3.2 OK for: anymatch@3.1.3 want: ^2.0.4
1176 silly placeDep ROOT bser@2.1.1 OK for: fb-watchman@2.0.2 want: 2.1.1
1177 silly fetch manifest node-int64@^0.4.0
1178 silly packumentCache full:https://registry.npmjs.org/node-int64 cache-miss
1179 http fetch GET 200 https://registry.npmjs.org/node-int64 167ms (cache miss)
1180 silly packumentCache full:https://registry.npmjs.org/node-int64 set size:undefined disposed:false
1181 silly placeDep ROOT node-int64@0.4.0 OK for: bser@2.1.1 want: ^0.4.0
1182 silly placeDep ROOT jest-diff@30.4.1 OK for: jest-matcher-utils@30.4.1 want: 30.4.1
1183 silly fetch manifest @jest/diff-sequences@30.4.0
1184 silly packumentCache full:https://registry.npmjs.org/@jest%2fdiff-sequences cache-miss
1185 http fetch GET 200 https://registry.npmjs.org/@jest%2fdiff-sequences 320ms (cache miss)
1186 silly packumentCache full:https://registry.npmjs.org/@jest%2fdiff-sequences set size:undefined disposed:false
1187 silly placeDep ROOT @jest/diff-sequences@30.4.0 OK for: jest-diff@30.4.1 want: 30.4.0
1188 silly placeDep ROOT @types/stack-utils@2.0.3 OK for: jest-message-util@30.4.1 want: ^2.0.3
1189 silly fetch manifest jest-resolve@*
1190 silly packumentCache full:https://registry.npmjs.org/jest-resolve cache-miss
1191 http cache https://registry.npmjs.org/jest-resolve 6ms (cache hit)
1192 silly packumentCache full:https://registry.npmjs.org/jest-resolve set size:660045 disposed:false
1193 silly placeDep ROOT jest-pnp-resolver@1.2.3 OK for: jest-resolve@30.4.1 want: ^1.2.3
1194 silly placeDep ROOT unrs-resolver@1.12.2 OK for: jest-resolve@30.4.1 want: ^1.7.11
1195 silly fetch manifest napi-postinstall@^0.3.4
1196 silly packumentCache full:https://registry.npmjs.org/napi-postinstall cache-miss
1197 silly fetch manifest @unrs/resolver-binding-darwin-arm64@1.12.2
1198 silly packumentCache full:https://registry.npmjs.org/@unrs%2fresolver-binding-darwin-arm64 cache-miss
1199 silly fetch manifest @unrs/resolver-binding-android-arm64@1.12.2
1200 silly packumentCache full:https://registry.npmjs.org/@unrs%2fresolver-binding-android-arm64 cache-miss
1201 silly fetch manifest @unrs/resolver-binding-win32-arm64-msvc@1.12.2
1202 silly packumentCache full:https://registry.npmjs.org/@unrs%2fresolver-binding-win32-arm64-msvc cache-miss
1203 silly fetch manifest @unrs/resolver-binding-linux-arm64-gnu@1.12.2
1204 silly packumentCache full:https://registry.npmjs.org/@unrs%2fresolver-binding-linux-arm64-gnu cache-miss
1205 silly fetch manifest @unrs/resolver-binding-linux-arm64-musl@1.12.2
1206 silly packumentCache full:https://registry.npmjs.org/@unrs%2fresolver-binding-linux-arm64-musl cache-miss
1207 silly fetch manifest @unrs/resolver-binding-openharmony-arm64@1.12.2
1208 silly packumentCache full:https://registry.npmjs.org/@unrs%2fresolver-binding-openharmony-arm64 cache-miss
1209 http fetch GET 200 https://registry.npmjs.org/napi-postinstall 76ms (cache miss)
1210 silly packumentCache full:https://registry.npmjs.org/napi-postinstall set size:undefined disposed:false
1211 silly fetch manifest @unrs/resolver-binding-android-arm-eabi@1.12.2
1212 silly packumentCache full:https://registry.npmjs.org/@unrs%2fresolver-binding-android-arm-eabi cache-miss
1213 http fetch GET 200 https://registry.npmjs.org/@unrs%2fresolver-binding-openharmony-arm64 103ms (cache miss)
1214 silly packumentCache full:https://registry.npmjs.org/@unrs%2fresolver-binding-openharmony-arm64 set size:undefined disposed:false
1215 silly fetch manifest @unrs/resolver-binding-linux-arm-gnueabihf@1.12.2
1216 silly packumentCache full:https://registry.npmjs.org/@unrs%2fresolver-binding-linux-arm-gnueabihf cache-miss
1217 http fetch GET 200 https://registry.npmjs.org/@unrs%2fresolver-binding-darwin-arm64 180ms (cache miss)
1218 silly packumentCache full:https://registry.npmjs.org/@unrs%2fresolver-binding-darwin-arm64 set size:undefined disposed:false
1219 silly fetch manifest @unrs/resolver-binding-linux-arm-musleabihf@1.12.2
1220 silly packumentCache full:https://registry.npmjs.org/@unrs%2fresolver-binding-linux-arm-musleabihf cache-miss
1221 http fetch GET 200 https://registry.npmjs.org/@unrs%2fresolver-binding-android-arm64 189ms (cache miss)
1222 silly packumentCache full:https://registry.npmjs.org/@unrs%2fresolver-binding-android-arm64 set size:undefined disposed:false
1223 silly fetch manifest @unrs/resolver-binding-win32-ia32-msvc@1.12.2
1224 silly packumentCache full:https://registry.npmjs.org/@unrs%2fresolver-binding-win32-ia32-msvc cache-miss
1225 http fetch GET 200 https://registry.npmjs.org/@unrs%2fresolver-binding-win32-arm64-msvc 194ms (cache miss)
1226 silly packumentCache full:https://registry.npmjs.org/@unrs%2fresolver-binding-win32-arm64-msvc set size:undefined disposed:false
1227 silly fetch manifest @unrs/resolver-binding-linux-loong64-gnu@1.12.2
1228 silly packumentCache full:https://registry.npmjs.org/@unrs%2fresolver-binding-linux-loong64-gnu cache-miss
1229 http fetch GET 200 https://registry.npmjs.org/@unrs%2fresolver-binding-linux-arm64-musl 357ms (cache miss)
1230 silly packumentCache full:https://registry.npmjs.org/@unrs%2fresolver-binding-linux-arm64-musl set size:undefined disposed:false
1231 silly fetch manifest @unrs/resolver-binding-linux-loong64-musl@1.12.2
1232 silly packumentCache full:https://registry.npmjs.org/@unrs%2fresolver-binding-linux-loong64-musl cache-miss
1233 http fetch GET 200 https://registry.npmjs.org/@unrs%2fresolver-binding-linux-arm-musleabihf 186ms (cache miss)
1234 silly packumentCache full:https://registry.npmjs.org/@unrs%2fresolver-binding-linux-arm-musleabihf set size:undefined disposed:false
1235 silly fetch manifest @unrs/resolver-binding-linux-ppc64-gnu@1.12.2
1236 silly packumentCache full:https://registry.npmjs.org/@unrs%2fresolver-binding-linux-ppc64-gnu cache-miss
1237 http fetch GET 200 https://registry.npmjs.org/@unrs%2fresolver-binding-linux-arm64-gnu 380ms (cache miss)
1238 silly packumentCache full:https://registry.npmjs.org/@unrs%2fresolver-binding-linux-arm64-gnu set size:undefined disposed:false
1239 silly fetch manifest @unrs/resolver-binding-linux-riscv64-gnu@1.12.2
1240 silly packumentCache full:https://registry.npmjs.org/@unrs%2fresolver-binding-linux-riscv64-gnu cache-miss
1241 http fetch GET 200 https://registry.npmjs.org/@unrs%2fresolver-binding-linux-arm-gnueabihf 343ms (cache miss)
1242 silly packumentCache full:https://registry.npmjs.org/@unrs%2fresolver-binding-linux-arm-gnueabihf set size:undefined disposed:false
1243 silly fetch manifest @unrs/resolver-binding-linux-riscv64-musl@1.12.2
1244 silly packumentCache full:https://registry.npmjs.org/@unrs%2fresolver-binding-linux-riscv64-musl cache-miss
1245 http fetch GET 200 https://registry.npmjs.org/@unrs%2fresolver-binding-android-arm-eabi 385ms (cache miss)
1246 silly packumentCache full:https://registry.npmjs.org/@unrs%2fresolver-binding-android-arm-eabi set size:undefined disposed:false
1247 silly fetch manifest @unrs/resolver-binding-linux-s390x-gnu@1.12.2
1248 silly packumentCache full:https://registry.npmjs.org/@unrs%2fresolver-binding-linux-s390x-gnu cache-miss
1249 http fetch GET 200 https://registry.npmjs.org/@unrs%2fresolver-binding-linux-loong64-gnu 340ms (cache miss)
1250 silly packumentCache full:https://registry.npmjs.org/@unrs%2fresolver-binding-linux-loong64-gnu set size:undefined disposed:false
1251 silly fetch manifest @unrs/resolver-binding-wasm32-wasi@1.12.2
1252 silly packumentCache full:https://registry.npmjs.org/@unrs%2fresolver-binding-wasm32-wasi cache-miss
1253 http fetch GET 200 https://registry.npmjs.org/@unrs%2fresolver-binding-linux-ppc64-gnu 205ms (cache miss)
1254 silly packumentCache full:https://registry.npmjs.org/@unrs%2fresolver-binding-linux-ppc64-gnu set size:undefined disposed:false
1255 silly fetch manifest @unrs/resolver-binding-darwin-x64@1.12.2
1256 silly packumentCache full:https://registry.npmjs.org/@unrs%2fresolver-binding-darwin-x64 cache-miss
1257 http fetch GET 200 https://registry.npmjs.org/@unrs%2fresolver-binding-linux-loong64-musl 294ms (cache miss)
1258 silly packumentCache full:https://registry.npmjs.org/@unrs%2fresolver-binding-linux-loong64-musl set size:undefined disposed:false
1259 silly fetch manifest @unrs/resolver-binding-win32-x64-msvc@1.12.2
1260 silly packumentCache full:https://registry.npmjs.org/@unrs%2fresolver-binding-win32-x64-msvc cache-miss
1261 http fetch GET 200 https://registry.npmjs.org/@unrs%2fresolver-binding-win32-ia32-msvc 466ms (cache miss)
1262 silly packumentCache full:https://registry.npmjs.org/@unrs%2fresolver-binding-win32-ia32-msvc set size:undefined disposed:false
1263 silly fetch manifest @unrs/resolver-binding-freebsd-x64@1.12.2
1264 silly packumentCache full:https://registry.npmjs.org/@unrs%2fresolver-binding-freebsd-x64 cache-miss
1265 http fetch GET 200 https://registry.npmjs.org/@unrs%2fresolver-binding-linux-riscv64-gnu 331ms (cache miss)
1266 silly packumentCache full:https://registry.npmjs.org/@unrs%2fresolver-binding-linux-riscv64-gnu set size:undefined disposed:false
1267 silly fetch manifest @unrs/resolver-binding-linux-x64-gnu@1.12.2
1268 silly packumentCache full:https://registry.npmjs.org/@unrs%2fresolver-binding-linux-x64-gnu cache-miss
1269 http fetch GET 200 https://registry.npmjs.org/@unrs%2fresolver-binding-linux-riscv64-musl 266ms (cache miss)
1270 silly packumentCache full:https://registry.npmjs.org/@unrs%2fresolver-binding-linux-riscv64-musl set size:undefined disposed:false
1271 silly fetch manifest @unrs/resolver-binding-linux-x64-musl@1.12.2
1272 silly packumentCache full:https://registry.npmjs.org/@unrs%2fresolver-binding-linux-x64-musl cache-miss
1273 http fetch GET 200 https://registry.npmjs.org/@unrs%2fresolver-binding-linux-s390x-gnu 270ms (cache miss)
1274 silly packumentCache full:https://registry.npmjs.org/@unrs%2fresolver-binding-linux-s390x-gnu set size:undefined disposed:false
1275 http fetch GET 200 https://registry.npmjs.org/@unrs%2fresolver-binding-darwin-x64 161ms (cache miss)
1276 silly packumentCache full:https://registry.npmjs.org/@unrs%2fresolver-binding-darwin-x64 set size:undefined disposed:false
1277 http fetch GET 200 https://registry.npmjs.org/@unrs%2fresolver-binding-wasm32-wasi 240ms (cache miss)
1278 silly packumentCache full:https://registry.npmjs.org/@unrs%2fresolver-binding-wasm32-wasi set size:undefined disposed:false
1279 http fetch GET 200 https://registry.npmjs.org/@unrs%2fresolver-binding-linux-x64-musl 98ms (cache miss)
1280 silly packumentCache full:https://registry.npmjs.org/@unrs%2fresolver-binding-linux-x64-musl set size:undefined disposed:false
1281 http fetch GET 200 https://registry.npmjs.org/@unrs%2fresolver-binding-freebsd-x64 224ms (cache miss)
1282 silly packumentCache full:https://registry.npmjs.org/@unrs%2fresolver-binding-freebsd-x64 set size:undefined disposed:false
1283 http fetch GET 200 https://registry.npmjs.org/@unrs%2fresolver-binding-win32-x64-msvc 416ms (cache miss)
1284 silly packumentCache full:https://registry.npmjs.org/@unrs%2fresolver-binding-win32-x64-msvc set size:undefined disposed:false
1285 http fetch GET 200 https://registry.npmjs.org/@unrs%2fresolver-binding-linux-x64-gnu 356ms (cache miss)
1286 silly packumentCache full:https://registry.npmjs.org/@unrs%2fresolver-binding-linux-x64-gnu set size:undefined disposed:false
1287 silly placeDep ROOT emittery@0.13.1 OK for: jest-runner@30.4.2 want: ^0.13.1
1288 silly placeDep ROOT jest-leak-detector@30.4.1 OK for: jest-runner@30.4.2 want: 30.4.1
1289 silly placeDep ROOT source-map-support@0.5.13 OK for: jest-runner@30.4.2 want: 0.5.13
1290 silly fetch manifest buffer-from@^1.0.0
1291 silly packumentCache full:https://registry.npmjs.org/buffer-from cache-miss
1292 silly fetch manifest source-map@^0.6.0
1293 silly packumentCache full:https://registry.npmjs.org/source-map cache-miss
1294 http fetch GET 200 https://registry.npmjs.org/buffer-from 179ms (cache miss)
1295 silly packumentCache full:https://registry.npmjs.org/buffer-from set size:undefined disposed:false
1296 http fetch GET 200 https://registry.npmjs.org/source-map 246ms (cache miss)
1297 silly packumentCache full:https://registry.npmjs.org/source-map set size:undefined disposed:false
1298 silly placeDep ROOT @jest/globals@30.4.1 OK for: jest-runtime@30.4.2 want: 30.4.1
1299 silly placeDep ROOT @jest/source-map@30.0.1 OK for: jest-runtime@30.4.2 want: 30.0.1
1300 silly placeDep ROOT cjs-module-lexer@2.2.0 OK for: jest-runtime@30.4.2 want: ^2.1.0
1301 silly placeDep ROOT strip-bom@4.0.0 OK for: jest-runtime@30.4.2 want: ^4.0.0
1302 silly placeDep ROOT @babel/plugin-syntax-jsx@7.29.7 OK for: jest-snapshot@30.4.1 want: ^7.27.1
1303 silly placeDep ROOT @babel/plugin-syntax-typescript@7.29.7 OK for: jest-snapshot@30.4.1 want: ^7.27.1
1304 silly placeDep ROOT @jest/snapshot-utils@30.4.1 OK for: jest-snapshot@30.4.1 want: 30.4.1
1305 silly placeDep ROOT synckit@0.11.13 OK for: jest-snapshot@30.4.1 want: ^0.11.8
1306 silly fetch manifest @pkgr/core@^0.3.6
1307 silly packumentCache full:https://registry.npmjs.org/@pkgr%2fcore cache-miss
1308 http fetch GET 200 https://registry.npmjs.org/@pkgr%2fcore 401ms (cache miss)
1309 silly packumentCache full:https://registry.npmjs.org/@pkgr%2fcore set size:undefined disposed:false
1310 silly placeDep node_modules/jest-validate camelcase@6.3.0 OK for: jest-validate@30.4.1 want: ^6.3.0
1311 silly placeDep ROOT leven@3.1.0 OK for: jest-validate@30.4.1 want: ^3.1.0
1312 silly placeDep node_modules/jest-watcher ansi-escapes@4.3.2 OK for: jest-watcher@30.4.1 want: ^4.3.2
1313 silly placeDep ROOT @ungap/structured-clone@1.3.2 OK for: jest-worker@30.4.1 want: ^1.3.0
1314 silly placeDep node_modules/jest-worker supports-color@8.1.1 OK for: jest-worker@30.4.1 want: ^8.1.1
1315 silly placeDep ROOT yallist@3.1.1 OK for: lru-cache@5.1.1 want: ^3.0.2
1316 silly placeDep node_modules/path-scurry lru-cache@10.4.3 OK for: path-scurry@1.11.1 want: ^10.2.0
1317 silly placeDep node_modules/pkg-dir find-up@4.1.0 OK for: pkg-dir@4.2.0 want: ^4.0.0
1318 silly placeDep node_modules/pretty-format ansi-styles@5.2.0 OK for: pretty-format@30.4.1 want: ^5.2.0
1319 silly placeDep ROOT react-is-18@18.3.1 OK for: pretty-format@30.4.1 want: npm:react-is@^18.3.1
1320 silly placeDep ROOT react-is-19@19.2.7 OK for: pretty-format@30.4.1 want: npm:react-is@^19.2.5
1321 silly placeDep ROOT buffer-from@1.1.2 OK for: source-map-support@0.5.13 want: ^1.0.0
1322 silly placeDep ROOT source-map@0.6.1 OK for: source-map-support@0.5.13 want: ^0.6.0
1323 silly placeDep node_modules/stack-utils escape-string-regexp@2.0.0 OK for: stack-utils@2.0.6 want: ^2.0.0
1324 silly placeDep ROOT char-regex@1.0.2 OK for: string-length@4.0.2 want: ^1.0.2
1325 silly placeDep node_modules/string-length strip-ansi@6.0.1 OK for: string-length@4.0.2 want: ^6.0.0
1326 silly placeDep node_modules/string-width-cjs emoji-regex@8.0.0 OK for: string-width@4.2.3 want: ^8.0.0
1327 silly placeDep node_modules/string-width-cjs is-fullwidth-code-point@3.0.0 OK for: string-width@4.2.3 want: ^3.0.0
1328 silly placeDep node_modules/string-width-cjs strip-ansi@6.0.1 OK for: string-width@4.2.3 want: ^6.0.1
1329 silly placeDep node_modules/strip-ansi-cjs ansi-regex@5.0.1 OK for: strip-ansi@6.0.1 want: ^5.0.1
1330 silly placeDep ROOT methods@1.1.2 OK for: supertest@7.2.2 want: ^1.1.2
1331 silly placeDep ROOT superagent@10.3.0 OK for: supertest@7.2.2 want: ^10.3.0
1332 silly fetch manifest component-emitter@^1.3.1
1333 silly packumentCache full:https://registry.npmjs.org/component-emitter cache-miss
1334 silly fetch manifest cookiejar@^2.1.4
1335 silly packumentCache full:https://registry.npmjs.org/cookiejar cache-miss
1336 silly fetch manifest fast-safe-stringify@^2.1.1
1337 silly packumentCache full:https://registry.npmjs.org/fast-safe-stringify cache-miss
1338 silly fetch manifest form-data@^4.0.5
1339 silly packumentCache full:https://registry.npmjs.org/form-data cache-miss
1340 silly fetch manifest formidable@^3.5.4
1341 silly packumentCache full:https://registry.npmjs.org/formidable cache-miss
1342 silly fetch manifest mime@2.6.0
1343 silly packumentCache full:https://registry.npmjs.org/mime cache-miss
1344 http fetch GET 200 https://registry.npmjs.org/component-emitter 154ms (cache miss)
1345 silly packumentCache full:https://registry.npmjs.org/component-emitter set size:undefined disposed:false
1346 http fetch GET 200 https://registry.npmjs.org/form-data 165ms (cache miss)
1347 silly packumentCache full:https://registry.npmjs.org/form-data set size:undefined disposed:false
1348 http fetch GET 200 https://registry.npmjs.org/cookiejar 230ms (cache miss)
1349 silly packumentCache full:https://registry.npmjs.org/cookiejar set size:undefined disposed:false
1350 http fetch GET 200 https://registry.npmjs.org/fast-safe-stringify 403ms (cache miss)
1351 silly packumentCache full:https://registry.npmjs.org/fast-safe-stringify set size:undefined disposed:false
1352 http fetch GET 200 https://registry.npmjs.org/mime 430ms (cache miss)
1353 silly packumentCache full:https://registry.npmjs.org/mime set size:undefined disposed:false
1354 http fetch GET 200 https://registry.npmjs.org/formidable 732ms (cache miss)
1355 silly packumentCache full:https://registry.npmjs.org/formidable set size:undefined disposed:false
1356 silly placeDep ROOT component-emitter@1.3.1 OK for: superagent@10.3.0 want: ^1.3.1
1357 silly placeDep ROOT cookiejar@2.1.4 OK for: superagent@10.3.0 want: ^2.1.4
1358 silly placeDep ROOT fast-safe-stringify@2.1.1 OK for: superagent@10.3.0 want: ^2.1.1
1359 silly placeDep ROOT form-data@4.0.6 OK for: superagent@10.3.0 want: ^4.0.5
1360 silly placeDep ROOT formidable@3.5.4 OK for: superagent@10.3.0 want: ^3.5.4
1361 silly placeDep ROOT mime@2.6.0 OK for: superagent@10.3.0 want: 2.6.0
1362 silly fetch manifest asynckit@^0.4.0
1363 silly packumentCache full:https://registry.npmjs.org/asynckit cache-miss
1364 silly fetch manifest mime-types@^2.1.35
1365 silly packumentCache full:https://registry.npmjs.org/mime-types cache-miss
1366 silly fetch manifest combined-stream@^1.0.8
1367 silly packumentCache full:https://registry.npmjs.org/combined-stream cache-miss
1368 silly fetch manifest es-set-tostringtag@^2.1.0
1369 silly packumentCache full:https://registry.npmjs.org/es-set-tostringtag cache-miss
1370 silly fetch manifest dezalgo@^1.0.4
1371 silly packumentCache full:https://registry.npmjs.org/dezalgo cache-miss
1372 silly fetch manifest @paralleldrive/cuid2@^2.2.2
1373 silly packumentCache full:https://registry.npmjs.org/@paralleldrive%2fcuid2 cache-miss
1374 http fetch GET 200 https://registry.npmjs.org/combined-stream 57ms (cache miss)
1375 silly packumentCache full:https://registry.npmjs.org/combined-stream set size:undefined disposed:false
1376 http fetch GET 200 https://registry.npmjs.org/mime-types 74ms (cache miss)
1377 silly packumentCache full:https://registry.npmjs.org/mime-types set size:undefined disposed:false
1378 http fetch GET 200 https://registry.npmjs.org/es-set-tostringtag 93ms (cache miss)
1379 silly packumentCache full:https://registry.npmjs.org/es-set-tostringtag set size:undefined disposed:false
1380 http fetch GET 200 https://registry.npmjs.org/asynckit 114ms (cache miss)
1381 silly packumentCache full:https://registry.npmjs.org/asynckit set size:undefined disposed:false
1382 http fetch GET 200 https://registry.npmjs.org/dezalgo 194ms (cache miss)
1383 silly packumentCache full:https://registry.npmjs.org/dezalgo set size:undefined disposed:false
1384 http fetch GET 200 https://registry.npmjs.org/@paralleldrive%2fcuid2 376ms (cache miss)
1385 silly packumentCache full:https://registry.npmjs.org/@paralleldrive%2fcuid2 set size:undefined disposed:false
1386 silly placeDep ROOT asynckit@0.4.0 OK for: form-data@4.0.6 want: ^0.4.0
1387 silly placeDep ROOT combined-stream@1.0.8 OK for: form-data@4.0.6 want: ^1.0.8
1388 silly placeDep ROOT es-set-tostringtag@2.1.0 OK for: form-data@4.0.6 want: ^2.1.0
1389 silly placeDep node_modules/form-data mime-types@2.1.35 OK for: form-data@4.0.6 want: ^2.1.35
1390 silly fetch manifest delayed-stream@~1.0.0
1391 silly packumentCache full:https://registry.npmjs.org/delayed-stream cache-miss
1392 silly fetch manifest has-tostringtag@^1.0.2
1393 silly packumentCache full:https://registry.npmjs.org/has-tostringtag cache-miss
1394 silly fetch manifest mime-db@1.52.0
1395 silly packumentCache full:https://registry.npmjs.org/mime-db cache-miss
1396 http fetch GET 200 https://registry.npmjs.org/has-tostringtag 67ms (cache miss)
1397 silly packumentCache full:https://registry.npmjs.org/has-tostringtag set size:undefined disposed:false
1398 http fetch GET 200 https://registry.npmjs.org/mime-db 95ms (cache miss)
1399 silly packumentCache full:https://registry.npmjs.org/mime-db set size:undefined disposed:false
1400 http fetch GET 200 https://registry.npmjs.org/delayed-stream 141ms (cache miss)
1401 silly packumentCache full:https://registry.npmjs.org/delayed-stream set size:undefined disposed:false
1402 silly placeDep ROOT delayed-stream@1.0.0 OK for: combined-stream@1.0.8 want: ~1.0.0
1403 silly placeDep ROOT has-tostringtag@1.0.2 OK for: es-set-tostringtag@2.1.0 want: ^1.0.2
1404 silly placeDep ROOT @paralleldrive/cuid2@2.3.1 OK for: formidable@3.5.4 want: ^2.2.2
1405 silly placeDep ROOT dezalgo@1.0.4 OK for: formidable@3.5.4 want: ^1.0.4
1406 silly fetch manifest @noble/hashes@^1.1.5
1407 silly packumentCache full:https://registry.npmjs.org/@noble%2fhashes cache-miss
1408 silly fetch manifest asap@^2.0.0
1409 silly packumentCache full:https://registry.npmjs.org/asap cache-miss
1410 http fetch GET 200 https://registry.npmjs.org/asap 142ms (cache miss)
1411 silly packumentCache full:https://registry.npmjs.org/asap set size:undefined disposed:false
1412 http fetch GET 200 https://registry.npmjs.org/@noble%2fhashes 362ms (cache miss)
1413 silly packumentCache full:https://registry.npmjs.org/@noble%2fhashes set size:undefined disposed:false
1414 silly placeDep ROOT @noble/hashes@1.8.0 OK for: @paralleldrive/cuid2@2.3.1 want: ^1.1.5
1415 silly placeDep ROOT asap@2.0.6 OK for: dezalgo@1.0.4 want: ^2.0.0
1416 silly placeDep ROOT has-flag@4.0.0 OK for: supports-color@7.2.0 want: ^4.0.0
1417 silly placeDep ROOT @pkgr/core@0.3.6 OK for: synckit@0.11.13 want: ^0.3.6
1418 silly placeDep node_modules/test-exclude glob@7.2.3 OK for: test-exclude@6.0.0 want: ^7.1.4
1419 silly placeDep node_modules/test-exclude minimatch@3.1.5 OK for: test-exclude@6.0.0 want: ^3.0.4
1420 silly fetch manifest inflight@^1.0.4
1421 silly packumentCache full:https://registry.npmjs.org/inflight cache-miss
1422 silly fetch manifest minimatch@^3.1.1
1423 silly packumentCache full:https://registry.npmjs.org/minimatch cache-hit
1424 silly fetch manifest fs.realpath@^1.0.0
1425 silly packumentCache full:https://registry.npmjs.org/fs.realpath cache-miss
1426 silly fetch manifest path-is-absolute@^1.0.0
1427 silly packumentCache full:https://registry.npmjs.org/path-is-absolute cache-miss
1428 silly fetch manifest brace-expansion@^1.1.7
1429 silly packumentCache full:https://registry.npmjs.org/brace-expansion cache-miss
1430 http cache https://registry.npmjs.org/brace-expansion 7ms (cache hit)
1431 silly packumentCache full:https://registry.npmjs.org/brace-expansion set size:72152 disposed:false
1432 http fetch GET 200 https://registry.npmjs.org/path-is-absolute 76ms (cache miss)
1433 silly packumentCache full:https://registry.npmjs.org/path-is-absolute set size:undefined disposed:false
1434 http fetch GET 200 https://registry.npmjs.org/fs.realpath 131ms (cache miss)
1435 silly packumentCache full:https://registry.npmjs.org/fs.realpath set size:undefined disposed:false
1436 http fetch GET 200 https://registry.npmjs.org/inflight 164ms (cache miss)
1437 silly packumentCache full:https://registry.npmjs.org/inflight set size:undefined disposed:false
1438 silly placeDep ROOT @unrs/resolver-binding-android-arm-eabi@1.12.2 OK for: unrs-resolver@1.12.2 want: 1.12.2
1439 silly placeDep ROOT @unrs/resolver-binding-android-arm64@1.12.2 OK for: unrs-resolver@1.12.2 want: 1.12.2
1440 silly placeDep ROOT @unrs/resolver-binding-darwin-arm64@1.12.2 OK for: unrs-resolver@1.12.2 want: 1.12.2
1441 silly placeDep ROOT @unrs/resolver-binding-darwin-x64@1.12.2 OK for: unrs-resolver@1.12.2 want: 1.12.2
1442 silly placeDep ROOT @unrs/resolver-binding-freebsd-x64@1.12.2 OK for: unrs-resolver@1.12.2 want: 1.12.2
1443 silly placeDep ROOT @unrs/resolver-binding-linux-arm-gnueabihf@1.12.2 OK for: unrs-resolver@1.12.2 want: 1.12.2
1444 silly placeDep ROOT @unrs/resolver-binding-linux-arm-musleabihf@1.12.2 OK for: unrs-resolver@1.12.2 want: 1.12.2
1445 silly placeDep ROOT @unrs/resolver-binding-linux-arm64-gnu@1.12.2 OK for: unrs-resolver@1.12.2 want: 1.12.2
1446 silly placeDep ROOT @unrs/resolver-binding-linux-arm64-musl@1.12.2 OK for: unrs-resolver@1.12.2 want: 1.12.2
1447 silly placeDep ROOT @unrs/resolver-binding-linux-loong64-gnu@1.12.2 OK for: unrs-resolver@1.12.2 want: 1.12.2
1448 silly placeDep ROOT @unrs/resolver-binding-linux-loong64-musl@1.12.2 OK for: unrs-resolver@1.12.2 want: 1.12.2
1449 silly placeDep ROOT @unrs/resolver-binding-linux-ppc64-gnu@1.12.2 OK for: unrs-resolver@1.12.2 want: 1.12.2
1450 silly placeDep ROOT @unrs/resolver-binding-linux-riscv64-gnu@1.12.2 OK for: unrs-resolver@1.12.2 want: 1.12.2
1451 silly placeDep ROOT @unrs/resolver-binding-linux-riscv64-musl@1.12.2 OK for: unrs-resolver@1.12.2 want: 1.12.2
1452 silly placeDep ROOT @unrs/resolver-binding-linux-s390x-gnu@1.12.2 OK for: unrs-resolver@1.12.2 want: 1.12.2
1453 silly placeDep ROOT @unrs/resolver-binding-linux-x64-gnu@1.12.2 OK for: unrs-resolver@1.12.2 want: 1.12.2
1454 silly placeDep ROOT @unrs/resolver-binding-linux-x64-musl@1.12.2 OK for: unrs-resolver@1.12.2 want: 1.12.2
1455 silly placeDep ROOT @unrs/resolver-binding-openharmony-arm64@1.12.2 OK for: unrs-resolver@1.12.2 want: 1.12.2
1456 silly placeDep ROOT @unrs/resolver-binding-wasm32-wasi@1.12.2 OK for: unrs-resolver@1.12.2 want: 1.12.2
1457 silly placeDep ROOT @unrs/resolver-binding-win32-arm64-msvc@1.12.2 OK for: unrs-resolver@1.12.2 want: 1.12.2
1458 silly placeDep ROOT @unrs/resolver-binding-win32-ia32-msvc@1.12.2 OK for: unrs-resolver@1.12.2 want: 1.12.2
1459 silly placeDep ROOT @unrs/resolver-binding-win32-x64-msvc@1.12.2 OK for: unrs-resolver@1.12.2 want: 1.12.2
1460 silly placeDep ROOT napi-postinstall@0.3.4 OK for: unrs-resolver@1.12.2 want: ^0.3.4
1461 silly fetch manifest @napi-rs/wasm-runtime@^1.1.4
1462 silly packumentCache full:https://registry.npmjs.org/@napi-rs%2fwasm-runtime cache-miss
1463 silly fetch manifest @emnapi/core@1.10.0
1464 silly packumentCache full:https://registry.npmjs.org/@emnapi%2fcore cache-miss
1465 silly fetch manifest @emnapi/runtime@1.10.0
1466 silly packumentCache full:https://registry.npmjs.org/@emnapi%2fruntime cache-miss
1467 http fetch GET 200 https://registry.npmjs.org/@emnapi%2fruntime 115ms (cache miss)
1468 silly packumentCache full:https://registry.npmjs.org/@emnapi%2fruntime set size:undefined disposed:false
1469 http fetch GET 200 https://registry.npmjs.org/@napi-rs%2fwasm-runtime 124ms (cache miss)
1470 silly packumentCache full:https://registry.npmjs.org/@napi-rs%2fwasm-runtime set size:undefined disposed:false
1471 http fetch GET 200 https://registry.npmjs.org/@emnapi%2fcore 340ms (cache miss)
1472 silly packumentCache full:https://registry.npmjs.org/@emnapi%2fcore set size:undefined disposed:false
1473 silly placeDep ROOT @emnapi/core@1.10.0 OK for: @unrs/resolver-binding-wasm32-wasi@1.12.2 want: 1.10.0
1474 silly placeDep ROOT @emnapi/runtime@1.10.0 OK for: @unrs/resolver-binding-wasm32-wasi@1.12.2 want: 1.10.0
1475 silly placeDep ROOT @napi-rs/wasm-runtime@1.1.6 OK for: @unrs/resolver-binding-wasm32-wasi@1.12.2 want: ^1.1.4
1476 silly fetch manifest tslib@^2.4.0
1477 silly packumentCache full:https://registry.npmjs.org/tslib cache-miss
1478 silly fetch manifest @emnapi/wasi-threads@1.2.1
1479 silly packumentCache full:https://registry.npmjs.org/@emnapi%2fwasi-threads cache-miss
1480 silly fetch manifest tslib@^2.4.0
1481 silly packumentCache full:https://registry.npmjs.org/tslib cache-miss
1482 silly fetch manifest @tybys/wasm-util@^0.10.3
1483 silly packumentCache full:https://registry.npmjs.org/@tybys%2fwasm-util cache-miss
1484 http fetch GET 200 https://registry.npmjs.org/@emnapi%2fwasi-threads 74ms (cache miss)
1485 silly packumentCache full:https://registry.npmjs.org/@emnapi%2fwasi-threads set size:undefined disposed:false
1486 http fetch GET 200 https://registry.npmjs.org/tslib 179ms (cache miss)
1487 silly packumentCache full:https://registry.npmjs.org/tslib set size:undefined disposed:false
1488 http fetch GET 200 https://registry.npmjs.org/tslib 368ms (cache miss)
1489 silly packumentCache full:https://registry.npmjs.org/tslib set size:undefined disposed:false
1490 http fetch GET 200 https://registry.npmjs.org/@tybys%2fwasm-util 370ms (cache miss)
1491 silly packumentCache full:https://registry.npmjs.org/@tybys%2fwasm-util set size:undefined disposed:false
1492 silly placeDep ROOT @emnapi/wasi-threads@1.2.1 OK for: @emnapi/core@1.10.0 want: 1.2.1
1493 silly placeDep ROOT tslib@2.8.1 OK for: @emnapi/core@1.10.0 want: ^2.4.0
1494 silly placeDep ROOT @tybys/wasm-util@0.10.3 OK for: @napi-rs/wasm-runtime@1.1.6 want: ^0.10.3
1495 silly placeDep ROOT makeerror@1.0.12 OK for: walker@1.0.8 want: 1.0.12
1496 silly fetch manifest tmpl@1.0.5
1497 silly packumentCache full:https://registry.npmjs.org/tmpl cache-miss
1498 http fetch GET 200 https://registry.npmjs.org/tmpl 158ms (cache miss)
1499 silly packumentCache full:https://registry.npmjs.org/tmpl set size:undefined disposed:false
1500 silly placeDep ROOT tmpl@1.0.5 OK for: makeerror@1.0.12 want: 1.0.5
1501 silly placeDep node_modules/wrap-ansi-cjs ansi-styles@4.3.0 OK for: wrap-ansi@7.0.0 want: ^4.0.0
1502 silly placeDep node_modules/wrap-ansi-cjs string-width@4.2.3 OK for: wrap-ansi@7.0.0 want: ^4.1.0
1503 silly placeDep node_modules/wrap-ansi-cjs strip-ansi@6.0.1 OK for: wrap-ansi@7.0.0 want: ^6.0.0
1504 silly placeDep ROOT eastasianwidth@0.2.0 OK for: string-width@5.1.2 want: ^0.2.0
1505 silly placeDep node_modules/@isaacs/cliui emoji-regex@9.2.2 OK for: string-width@5.1.2 want: ^9.2.2
1506 silly placeDep node_modules/@istanbuljs/load-nyc-config locate-path@5.0.0 OK for: find-up@4.1.0 want: ^5.0.0
1507 silly fetch manifest p-locate@^4.1.0
1508 silly packumentCache full:https://registry.npmjs.org/p-locate cache-miss
1509 http fetch GET 200 https://registry.npmjs.org/p-locate 71ms (cache miss)
1510 silly packumentCache full:https://registry.npmjs.org/p-locate set size:undefined disposed:false
1511 silly placeDep node_modules/@istanbuljs/load-nyc-config argparse@1.0.10 OK for: js-yaml@3.14.2 want: ^1.0.7
1512 silly placeDep ROOT esprima@4.0.1 OK for: js-yaml@3.14.2 want: ^4.0.0
1513 silly fetch manifest sprintf-js@~1.0.2
1514 silly packumentCache full:https://registry.npmjs.org/sprintf-js cache-miss
1515 http fetch GET 200 https://registry.npmjs.org/sprintf-js 109ms (cache miss)
1516 silly packumentCache full:https://registry.npmjs.org/sprintf-js set size:undefined disposed:false
1517 silly placeDep ROOT sprintf-js@1.0.3 OK for: argparse@1.0.10 want: ~1.0.2
1518 silly placeDep node_modules/@istanbuljs/load-nyc-config p-locate@4.1.0 OK for: locate-path@5.0.0 want: ^4.1.0
1519 silly fetch manifest p-limit@^2.2.0
1520 silly packumentCache full:https://registry.npmjs.org/p-limit cache-miss
1521 http fetch GET 200 https://registry.npmjs.org/p-limit 90ms (cache miss)
1522 silly packumentCache full:https://registry.npmjs.org/p-limit set size:undefined disposed:false
1523 silly placeDep node_modules/@istanbuljs/load-nyc-config p-limit@2.3.0 OK for: p-locate@4.1.0 want: ^2.2.0
1524 silly fetch manifest p-try@^2.0.0
1525 silly packumentCache full:https://registry.npmjs.org/p-try cache-miss
1526 http fetch GET 200 https://registry.npmjs.org/p-try 90ms (cache miss)
1527 silly packumentCache full:https://registry.npmjs.org/p-try set size:undefined disposed:false
1528 silly placeDep ROOT p-try@2.2.0 OK for: p-limit@2.3.0 want: ^2.0.0
1529 silly placeDep ROOT type-fest@0.21.3 OK for: ansi-escapes@4.3.2 want: ^0.21.3
1530 silly placeDep ROOT color-convert@2.0.1 OK for: ansi-styles@4.3.0 want: ^2.0.1
1531 silly fetch manifest color-name@~1.1.4
1532 silly packumentCache full:https://registry.npmjs.org/color-name cache-miss
1533 http fetch GET 200 https://registry.npmjs.org/color-name 154ms (cache miss)
1534 silly packumentCache full:https://registry.npmjs.org/color-name set size:undefined disposed:false
1535 silly placeDep ROOT color-name@1.1.4 OK for: color-convert@2.0.1 want: ~1.1.4
1536 silly placeDep ROOT mimic-fn@2.1.0 OK for: onetime@5.1.2 want: ^2.1.0
1537 silly placeDep node_modules/form-data mime-db@1.52.0 OK for: mime-types@2.1.35 want: 1.52.0
1538 silly placeDep node_modules/glob brace-expansion@2.1.1 OK for: minimatch@9.0.9 want: ^2.0.2
1539 silly fetch manifest balanced-match@^1.0.0
1540 silly packumentCache full:https://registry.npmjs.org/balanced-match cache-miss
1541 http fetch GET 200 https://registry.npmjs.org/balanced-match 250ms (cache miss)
1542 silly packumentCache full:https://registry.npmjs.org/balanced-match set size:undefined disposed:false
1543 silly placeDep node_modules/glob balanced-match@1.0.2 OK for: brace-expansion@2.1.1 want: ^1.0.0
1544 silly placeDep node_modules/jest-cli cliui@8.0.1 OK for: yargs@17.7.3 want: ^8.0.1
1545 silly placeDep ROOT require-directory@2.1.1 OK for: yargs@17.7.3 want: ^2.1.1
1546 silly placeDep node_modules/jest-cli string-width@4.2.3 OK for: yargs@17.7.3 want: ^4.2.3
1547 silly placeDep node_modules/jest-cli yargs-parser@21.1.1 OK for: yargs@17.7.3 want: ^21.1.1
1548 silly fetch manifest wrap-ansi@^7.0.0
1549 silly packumentCache full:https://registry.npmjs.org/wrap-ansi cache-miss
1550 silly fetch manifest string-width@^4.2.0
1551 silly packumentCache full:https://registry.npmjs.org/string-width cache-hit
1552 http cache https://registry.npmjs.org/wrap-ansi 3ms (cache hit)
1553 silly packumentCache full:https://registry.npmjs.org/wrap-ansi set size:55299 disposed:false
1554 silly placeDep node_modules/jest-cli strip-ansi@6.0.1 OK for: cliui@8.0.1 want: ^6.0.1
1555 silly placeDep node_modules/jest-cli wrap-ansi@7.0.0 OK for: cliui@8.0.1 want: ^7.0.0
1556 silly placeDep node_modules/jest-cli emoji-regex@8.0.0 OK for: string-width@4.2.3 want: ^8.0.0
1557 silly placeDep node_modules/jest-cli is-fullwidth-code-point@3.0.0 OK for: string-width@4.2.3 want: ^3.0.0
1558 silly placeDep node_modules/jest-cli ansi-regex@5.0.1 OK for: strip-ansi@6.0.1 want: ^5.0.1
1559 silly placeDep node_modules/jest-cli ansi-styles@4.3.0 OK for: wrap-ansi@7.0.0 want: ^4.0.0
1560 silly placeDep node_modules/pkg-dir locate-path@5.0.0 OK for: find-up@4.1.0 want: ^5.0.0
1561 silly placeDep node_modules/pkg-dir p-locate@4.1.0 OK for: locate-path@5.0.0 want: ^4.1.0
1562 silly placeDep node_modules/pkg-dir p-limit@2.3.0 OK for: p-locate@4.1.0 want: ^2.2.0
1563 silly placeDep node_modules/string-length ansi-regex@5.0.1 OK for: strip-ansi@6.0.1 want: ^5.0.1
1564 silly placeDep node_modules/string-width-cjs ansi-regex@5.0.1 OK for: strip-ansi@6.0.1 want: ^5.0.1
1565 silly placeDep ROOT fs.realpath@1.0.0 OK for: glob@7.2.3 want: ^1.0.0
1566 silly placeDep ROOT inflight@1.0.6 OK for: glob@7.2.3 want: ^1.0.4
1567 silly placeDep ROOT path-is-absolute@1.0.1 OK for: glob@7.2.3 want: ^1.0.0
1568 silly placeDep node_modules/test-exclude brace-expansion@1.1.15 OK for: minimatch@3.1.5 want: ^1.1.7
1569 silly fetch manifest concat-map@0.0.1
1570 silly packumentCache full:https://registry.npmjs.org/concat-map cache-miss
1571 http fetch GET 200 https://registry.npmjs.org/concat-map 73ms (cache miss)
1572 silly packumentCache full:https://registry.npmjs.org/concat-map set size:undefined disposed:false
1573 silly placeDep node_modules/test-exclude balanced-match@1.0.2 OK for: brace-expansion@1.1.15 want: ^1.0.0
1574 silly placeDep ROOT concat-map@0.0.1 OK for: brace-expansion@1.1.15 want: 0.0.1
1575 silly placeDep node_modules/wrap-ansi-cjs emoji-regex@8.0.0 OK for: string-width@4.2.3 want: ^8.0.0
1576 silly placeDep node_modules/wrap-ansi-cjs is-fullwidth-code-point@3.0.0 OK for: string-width@4.2.3 want: ^3.0.0
1577 silly placeDep node_modules/wrap-ansi-cjs ansi-regex@5.0.1 OK for: strip-ansi@6.0.1 want: ^5.0.1
1578 warn EBADENGINE Unsupported engine {
1578 warn EBADENGINE   package: 'lint-staged@17.0.7',
1578 warn EBADENGINE   required: { node: '>=22.22.1' },
1578 warn EBADENGINE   current: { node: 'v22.22.0', npm: '10.9.4' }
1578 warn EBADENGINE }
1579 silly reify moves {}
1580 verbose reify failed optional dependency /Volumes/RespaldoMacbook/UTNG/GROUP-MUSICAL/api-musical-group/node_modules/@unrs/resolver-binding-win32-x64-msvc
1581 silly reify mark deleted [
1581 silly reify   '/Volumes/RespaldoMacbook/UTNG/GROUP-MUSICAL/api-musical-group/node_modules/@unrs/resolver-binding-win32-x64-msvc'
1581 silly reify ]
1582 verbose reify failed optional dependency /Volumes/RespaldoMacbook/UTNG/GROUP-MUSICAL/api-musical-group/node_modules/@unrs/resolver-binding-win32-ia32-msvc
1583 silly reify mark deleted [
1583 silly reify   '/Volumes/RespaldoMacbook/UTNG/GROUP-MUSICAL/api-musical-group/node_modules/@unrs/resolver-binding-win32-ia32-msvc'
1583 silly reify ]
1584 verbose reify failed optional dependency /Volumes/RespaldoMacbook/UTNG/GROUP-MUSICAL/api-musical-group/node_modules/@unrs/resolver-binding-win32-arm64-msvc
1585 silly reify mark deleted [
1585 silly reify   '/Volumes/RespaldoMacbook/UTNG/GROUP-MUSICAL/api-musical-group/node_modules/@unrs/resolver-binding-win32-arm64-msvc'
1585 silly reify ]
1586 verbose reify failed optional dependency /Volumes/RespaldoMacbook/UTNG/GROUP-MUSICAL/api-musical-group/node_modules/@unrs/resolver-binding-wasm32-wasi
1587 silly reify mark deleted [
1587 silly reify   '/Volumes/RespaldoMacbook/UTNG/GROUP-MUSICAL/api-musical-group/node_modules/@unrs/resolver-binding-wasm32-wasi'
1587 silly reify ]
1588 verbose reify failed optional dependency /Volumes/RespaldoMacbook/UTNG/GROUP-MUSICAL/api-musical-group/node_modules/@napi-rs/wasm-runtime
1589 silly reify mark deleted [
1589 silly reify   '/Volumes/RespaldoMacbook/UTNG/GROUP-MUSICAL/api-musical-group/node_modules/@napi-rs/wasm-runtime'
1589 silly reify ]
1590 verbose reify failed optional dependency /Volumes/RespaldoMacbook/UTNG/GROUP-MUSICAL/api-musical-group/node_modules/@emnapi/core
1591 silly reify mark deleted [
1591 silly reify   '/Volumes/RespaldoMacbook/UTNG/GROUP-MUSICAL/api-musical-group/node_modules/@emnapi/core'
1591 silly reify ]
1592 verbose reify failed optional dependency /Volumes/RespaldoMacbook/UTNG/GROUP-MUSICAL/api-musical-group/node_modules/@emnapi/runtime
1593 silly reify mark deleted [
1593 silly reify   '/Volumes/RespaldoMacbook/UTNG/GROUP-MUSICAL/api-musical-group/node_modules/@emnapi/runtime'
1593 silly reify ]
1594 verbose reify failed optional dependency /Volumes/RespaldoMacbook/UTNG/GROUP-MUSICAL/api-musical-group/node_modules/@tybys/wasm-util
1595 silly reify mark deleted [
1595 silly reify   '/Volumes/RespaldoMacbook/UTNG/GROUP-MUSICAL/api-musical-group/node_modules/@tybys/wasm-util'
1595 silly reify ]
1596 verbose reify failed optional dependency /Volumes/RespaldoMacbook/UTNG/GROUP-MUSICAL/api-musical-group/node_modules/tslib
1597 silly reify mark deleted [
1597 silly reify   '/Volumes/RespaldoMacbook/UTNG/GROUP-MUSICAL/api-musical-group/node_modules/tslib'
1597 silly reify ]
1598 verbose reify failed optional dependency /Volumes/RespaldoMacbook/UTNG/GROUP-MUSICAL/api-musical-group/node_modules/@emnapi/wasi-threads
1599 silly reify mark deleted [
1599 silly reify   '/Volumes/RespaldoMacbook/UTNG/GROUP-MUSICAL/api-musical-group/node_modules/@emnapi/wasi-threads'
1599 silly reify ]
1600 verbose reify failed optional dependency /Volumes/RespaldoMacbook/UTNG/GROUP-MUSICAL/api-musical-group/node_modules/@unrs/resolver-binding-openharmony-arm64
1601 silly reify mark deleted [
1601 silly reify   '/Volumes/RespaldoMacbook/UTNG/GROUP-MUSICAL/api-musical-group/node_modules/@unrs/resolver-binding-openharmony-arm64'
1601 silly reify ]
1602 verbose reify failed optional dependency /Volumes/RespaldoMacbook/UTNG/GROUP-MUSICAL/api-musical-group/node_modules/@unrs/resolver-binding-linux-x64-musl
1603 silly reify mark deleted [
1603 silly reify   '/Volumes/RespaldoMacbook/UTNG/GROUP-MUSICAL/api-musical-group/node_modules/@unrs/resolver-binding-linux-x64-musl'
1603 silly reify ]
1604 verbose reify failed optional dependency /Volumes/RespaldoMacbook/UTNG/GROUP-MUSICAL/api-musical-group/node_modules/@unrs/resolver-binding-linux-x64-gnu
1605 silly reify mark deleted [
1605 silly reify   '/Volumes/RespaldoMacbook/UTNG/GROUP-MUSICAL/api-musical-group/node_modules/@unrs/resolver-binding-linux-x64-gnu'
1605 silly reify ]
1606 verbose reify failed optional dependency /Volumes/RespaldoMacbook/UTNG/GROUP-MUSICAL/api-musical-group/node_modules/@unrs/resolver-binding-linux-s390x-gnu
1607 silly reify mark deleted [
1607 silly reify   '/Volumes/RespaldoMacbook/UTNG/GROUP-MUSICAL/api-musical-group/node_modules/@unrs/resolver-binding-linux-s390x-gnu'
1607 silly reify ]
1608 verbose reify failed optional dependency /Volumes/RespaldoMacbook/UTNG/GROUP-MUSICAL/api-musical-group/node_modules/@unrs/resolver-binding-linux-riscv64-musl
1609 silly reify mark deleted [
1609 silly reify   '/Volumes/RespaldoMacbook/UTNG/GROUP-MUSICAL/api-musical-group/node_modules/@unrs/resolver-binding-linux-riscv64-musl'
1609 silly reify ]
1610 verbose reify failed optional dependency /Volumes/RespaldoMacbook/UTNG/GROUP-MUSICAL/api-musical-group/node_modules/@unrs/resolver-binding-linux-riscv64-gnu
1611 silly reify mark deleted [
1611 silly reify   '/Volumes/RespaldoMacbook/UTNG/GROUP-MUSICAL/api-musical-group/node_modules/@unrs/resolver-binding-linux-riscv64-gnu'
1611 silly reify ]
1612 verbose reify failed optional dependency /Volumes/RespaldoMacbook/UTNG/GROUP-MUSICAL/api-musical-group/node_modules/@unrs/resolver-binding-linux-ppc64-gnu
1613 silly reify mark deleted [
1613 silly reify   '/Volumes/RespaldoMacbook/UTNG/GROUP-MUSICAL/api-musical-group/node_modules/@unrs/resolver-binding-linux-ppc64-gnu'
1613 silly reify ]
1614 verbose reify failed optional dependency /Volumes/RespaldoMacbook/UTNG/GROUP-MUSICAL/api-musical-group/node_modules/@unrs/resolver-binding-linux-loong64-musl
1615 silly reify mark deleted [
1615 silly reify   '/Volumes/RespaldoMacbook/UTNG/GROUP-MUSICAL/api-musical-group/node_modules/@unrs/resolver-binding-linux-loong64-musl'
1615 silly reify ]
1616 verbose reify failed optional dependency /Volumes/RespaldoMacbook/UTNG/GROUP-MUSICAL/api-musical-group/node_modules/@unrs/resolver-binding-linux-loong64-gnu
1617 silly reify mark deleted [
1617 silly reify   '/Volumes/RespaldoMacbook/UTNG/GROUP-MUSICAL/api-musical-group/node_modules/@unrs/resolver-binding-linux-loong64-gnu'
1617 silly reify ]
1618 verbose reify failed optional dependency /Volumes/RespaldoMacbook/UTNG/GROUP-MUSICAL/api-musical-group/node_modules/@unrs/resolver-binding-linux-arm64-musl
1619 silly reify mark deleted [
1619 silly reify   '/Volumes/RespaldoMacbook/UTNG/GROUP-MUSICAL/api-musical-group/node_modules/@unrs/resolver-binding-linux-arm64-musl'
1619 silly reify ]
1620 verbose reify failed optional dependency /Volumes/RespaldoMacbook/UTNG/GROUP-MUSICAL/api-musical-group/node_modules/@unrs/resolver-binding-linux-arm64-gnu
1621 silly reify mark deleted [
1621 silly reify   '/Volumes/RespaldoMacbook/UTNG/GROUP-MUSICAL/api-musical-group/node_modules/@unrs/resolver-binding-linux-arm64-gnu'
1621 silly reify ]
1622 verbose reify failed optional dependency /Volumes/RespaldoMacbook/UTNG/GROUP-MUSICAL/api-musical-group/node_modules/@unrs/resolver-binding-linux-arm-musleabihf
1623 silly reify mark deleted [
1623 silly reify   '/Volumes/RespaldoMacbook/UTNG/GROUP-MUSICAL/api-musical-group/node_modules/@unrs/resolver-binding-linux-arm-musleabihf'
1623 silly reify ]
1624 verbose reify failed optional dependency /Volumes/RespaldoMacbook/UTNG/GROUP-MUSICAL/api-musical-group/node_modules/@unrs/resolver-binding-linux-arm-gnueabihf
1625 silly reify mark deleted [
1625 silly reify   '/Volumes/RespaldoMacbook/UTNG/GROUP-MUSICAL/api-musical-group/node_modules/@unrs/resolver-binding-linux-arm-gnueabihf'
1625 silly reify ]
1626 verbose reify failed optional dependency /Volumes/RespaldoMacbook/UTNG/GROUP-MUSICAL/api-musical-group/node_modules/@unrs/resolver-binding-freebsd-x64
1627 silly reify mark deleted [
1627 silly reify   '/Volumes/RespaldoMacbook/UTNG/GROUP-MUSICAL/api-musical-group/node_modules/@unrs/resolver-binding-freebsd-x64'
1627 silly reify ]
1628 verbose reify failed optional dependency /Volumes/RespaldoMacbook/UTNG/GROUP-MUSICAL/api-musical-group/node_modules/@unrs/resolver-binding-darwin-x64
1629 silly reify mark deleted [
1629 silly reify   '/Volumes/RespaldoMacbook/UTNG/GROUP-MUSICAL/api-musical-group/node_modules/@unrs/resolver-binding-darwin-x64'
1629 silly reify ]
1630 verbose reify failed optional dependency /Volumes/RespaldoMacbook/UTNG/GROUP-MUSICAL/api-musical-group/node_modules/@unrs/resolver-binding-android-arm64
1631 silly reify mark deleted [
1631 silly reify   '/Volumes/RespaldoMacbook/UTNG/GROUP-MUSICAL/api-musical-group/node_modules/@unrs/resolver-binding-android-arm64'
1631 silly reify ]
1632 verbose reify failed optional dependency /Volumes/RespaldoMacbook/UTNG/GROUP-MUSICAL/api-musical-group/node_modules/@unrs/resolver-binding-android-arm-eabi
1633 silly reify mark deleted [
1633 silly reify   '/Volumes/RespaldoMacbook/UTNG/GROUP-MUSICAL/api-musical-group/node_modules/@unrs/resolver-binding-android-arm-eabi'
1633 silly reify ]
1634 http cache concat-map@https://registry.npmjs.org/concat-map/-/concat-map-0.0.1.tgz 0ms (cache hit)
1635 http cache inflight@https://registry.npmjs.org/inflight/-/inflight-1.0.6.tgz 0ms (cache hit)
1636 http cache fs.realpath@https://registry.npmjs.org/fs.realpath/-/fs.realpath-1.0.0.tgz 0ms (cache hit)
1637 http cache require-directory@https://registry.npmjs.org/require-directory/-/require-directory-2.1.1.tgz 0ms (cache hit)
1638 http cache path-is-absolute@https://registry.npmjs.org/path-is-absolute/-/path-is-absolute-1.0.1.tgz 0ms (cache hit)
1639 http cache color-convert@https://registry.npmjs.org/color-convert/-/color-convert-2.0.1.tgz 0ms (cache hit)
1640 http cache color-name@https://registry.npmjs.org/color-name/-/color-name-1.1.4.tgz 0ms (cache hit)
1641 http cache type-fest@https://registry.npmjs.org/type-fest/-/type-fest-0.21.3.tgz 0ms (cache hit)
1642 http cache p-try@https://registry.npmjs.org/p-try/-/p-try-2.2.0.tgz 0ms (cache hit)
1643 http cache eastasianwidth@https://registry.npmjs.org/eastasianwidth/-/eastasianwidth-0.2.0.tgz 0ms (cache hit)
1644 http cache mimic-fn@https://registry.npmjs.org/mimic-fn/-/mimic-fn-2.1.0.tgz 0ms (cache hit)
1645 http cache sprintf-js@https://registry.npmjs.org/sprintf-js/-/sprintf-js-1.0.3.tgz 0ms (cache hit)
1646 http cache makeerror@https://registry.npmjs.org/makeerror/-/makeerror-1.0.12.tgz 0ms (cache hit)
1647 http cache esprima@https://registry.npmjs.org/esprima/-/esprima-4.0.1.tgz 0ms (cache hit)
1648 http cache tmpl@https://registry.npmjs.org/tmpl/-/tmpl-1.0.5.tgz 0ms (cache hit)
1649 http cache @tybys/wasm-util@https://registry.npmjs.org/@tybys/wasm-util/-/wasm-util-0.10.3.tgz 0ms (cache hit)
1650 http cache @emnapi/wasi-threads@https://registry.npmjs.org/@emnapi/wasi-threads/-/wasi-threads-1.2.1.tgz 0ms (cache hit)
1651 http cache tslib@https://registry.npmjs.org/tslib/-/tslib-2.8.1.tgz 0ms (cache hit)
1652 http cache @emnapi/core@https://registry.npmjs.org/@emnapi/core/-/core-1.10.0.tgz 0ms (cache hit)
1653 http cache @napi-rs/wasm-runtime@https://registry.npmjs.org/@napi-rs/wasm-runtime/-/wasm-runtime-1.1.6.tgz 0ms (cache hit)
1654 http cache @emnapi/runtime@https://registry.npmjs.org/@emnapi/runtime/-/runtime-1.10.0.tgz 0ms (cache hit)
1655 http cache napi-postinstall@https://registry.npmjs.org/napi-postinstall/-/napi-postinstall-0.3.4.tgz 0ms (cache hit)
1656 http cache @unrs/resolver-binding-darwin-arm64@https://registry.npmjs.org/@unrs/resolver-binding-darwin-arm64/-/resolver-binding-darwin-arm64-1.12.2.tgz 0ms (cache hit)
1657 http cache has-flag@https://registry.npmjs.org/has-flag/-/has-flag-4.0.0.tgz 0ms (cache hit)
1658 http cache @pkgr/core@https://registry.npmjs.org/@pkgr/core/-/core-0.3.6.tgz 0ms (cache hit)
1659 http cache asap@https://registry.npmjs.org/asap/-/asap-2.0.6.tgz 0ms (cache hit)
1660 http cache @noble/hashes@https://registry.npmjs.org/@noble/hashes/-/hashes-1.8.0.tgz 0ms (cache hit)
1661 http cache @paralleldrive/cuid2@https://registry.npmjs.org/@paralleldrive/cuid2/-/cuid2-2.3.1.tgz 0ms (cache hit)
1662 http cache delayed-stream@https://registry.npmjs.org/delayed-stream/-/delayed-stream-1.0.0.tgz 0ms (cache hit)
1663 http cache combined-stream@https://registry.npmjs.org/combined-stream/-/combined-stream-1.0.8.tgz 0ms (cache hit)
1664 http cache has-tostringtag@https://registry.npmjs.org/has-tostringtag/-/has-tostringtag-1.0.2.tgz 0ms (cache hit)
1665 http cache dezalgo@https://registry.npmjs.org/dezalgo/-/dezalgo-1.0.4.tgz 0ms (cache hit)
1666 http cache asynckit@https://registry.npmjs.org/asynckit/-/asynckit-0.4.0.tgz 0ms (cache hit)
1667 http cache form-data@https://registry.npmjs.org/form-data/-/form-data-4.0.6.tgz 0ms (cache hit)
1668 http cache es-set-tostringtag@https://registry.npmjs.org/es-set-tostringtag/-/es-set-tostringtag-2.1.0.tgz 0ms (cache hit)
1669 http cache formidable@https://registry.npmjs.org/formidable/-/formidable-3.5.4.tgz 0ms (cache hit)
1670 http cache cookiejar@https://registry.npmjs.org/cookiejar/-/cookiejar-2.1.4.tgz 0ms (cache hit)
1671 http cache mime@https://registry.npmjs.org/mime/-/mime-2.6.0.tgz 0ms (cache hit)
1672 http cache component-emitter@https://registry.npmjs.org/component-emitter/-/component-emitter-1.3.1.tgz 0ms (cache hit)
1673 http cache char-regex@https://registry.npmjs.org/char-regex/-/char-regex-1.0.2.tgz 0ms (cache hit)
1674 http cache superagent@https://registry.npmjs.org/superagent/-/superagent-10.3.0.tgz 0ms (cache hit)
1675 http cache source-map@https://registry.npmjs.org/source-map/-/source-map-0.6.1.tgz 0ms (cache hit)
1676 http cache buffer-from@https://registry.npmjs.org/buffer-from/-/buffer-from-1.1.2.tgz 0ms (cache hit)
1677 http cache react-is-18@https://registry.npmjs.org/react-is/-/react-is-18.3.1.tgz 0ms (cache hit)
1678 http cache fast-safe-stringify@https://registry.npmjs.org/fast-safe-stringify/-/fast-safe-stringify-2.1.1.tgz 0ms (cache hit)
1679 http cache yallist@https://registry.npmjs.org/yallist/-/yallist-3.1.1.tgz 0ms (cache hit)
1680 http cache leven@https://registry.npmjs.org/leven/-/leven-3.1.0.tgz 0ms (cache hit)
1681 http cache @ungap/structured-clone@https://registry.npmjs.org/@ungap/structured-clone/-/structured-clone-1.3.2.tgz 0ms (cache hit)
1682 http cache synckit@https://registry.npmjs.org/synckit/-/synckit-0.11.13.tgz 0ms (cache hit)
1683 http cache methods@https://registry.npmjs.org/methods/-/methods-1.1.2.tgz 0ms (cache hit)
1684 http cache @jest/snapshot-utils@https://registry.npmjs.org/@jest/snapshot-utils/-/snapshot-utils-30.4.1.tgz 0ms (cache hit)
1685 http cache react-is-19@https://registry.npmjs.org/react-is/-/react-is-19.2.7.tgz 0ms (cache hit)
1686 http cache @babel/plugin-syntax-jsx@https://registry.npmjs.org/@babel/plugin-syntax-jsx/-/plugin-syntax-jsx-7.29.7.tgz 0ms (cache hit)
1687 http cache strip-bom@https://registry.npmjs.org/strip-bom/-/strip-bom-4.0.0.tgz 0ms (cache hit)
1688 http cache @babel/plugin-syntax-typescript@https://registry.npmjs.org/@babel/plugin-syntax-typescript/-/plugin-syntax-typescript-7.29.7.tgz 0ms (cache hit)
1689 http cache @jest/source-map@https://registry.npmjs.org/@jest/source-map/-/source-map-30.0.1.tgz 0ms (cache hit)
1690 http cache @jest/globals@https://registry.npmjs.org/@jest/globals/-/globals-30.4.1.tgz 0ms (cache hit)
1691 http cache jest-leak-detector@https://registry.npmjs.org/jest-leak-detector/-/jest-leak-detector-30.4.1.tgz 0ms (cache hit)
1692 http cache cjs-module-lexer@https://registry.npmjs.org/cjs-module-lexer/-/cjs-module-lexer-2.2.0.tgz 0ms (cache hit)
1693 http cache emittery@https://registry.npmjs.org/emittery/-/emittery-0.13.1.tgz 0ms (cache hit)
1694 http cache unrs-resolver@https://registry.npmjs.org/unrs-resolver/-/unrs-resolver-1.12.2.tgz 0ms (cache hit)
1695 http cache jest-pnp-resolver@https://registry.npmjs.org/jest-pnp-resolver/-/jest-pnp-resolver-1.2.3.tgz 0ms (cache hit)
1696 http cache @types/stack-utils@https://registry.npmjs.org/@types/stack-utils/-/stack-utils-2.0.3.tgz 0ms (cache hit)
1697 http cache jest-diff@https://registry.npmjs.org/jest-diff/-/jest-diff-30.4.1.tgz 0ms (cache hit)
1698 http cache node-int64@https://registry.npmjs.org/node-int64/-/node-int64-0.4.0.tgz 0ms (cache hit)
1699 http cache normalize-path@https://registry.npmjs.org/normalize-path/-/normalize-path-3.0.0.tgz 0ms (cache hit)
1700 http cache @jest/diff-sequences@https://registry.npmjs.org/@jest/diff-sequences/-/diff-sequences-30.4.0.tgz 0ms (cache hit)
1701 http cache source-map-support@https://registry.npmjs.org/source-map-support/-/source-map-support-0.5.13.tgz 1ms (cache hit)
1702 http cache walker@https://registry.npmjs.org/walker/-/walker-1.0.8.tgz 0ms (cache hit)
1703 http cache detect-newline@https://registry.npmjs.org/detect-newline/-/detect-newline-3.1.0.tgz 0ms (cache hit)
1704 http cache fb-watchman@https://registry.npmjs.org/fb-watchman/-/fb-watchman-2.0.2.tgz 0ms (cache hit)
1705 http cache @jest/expect-utils@https://registry.npmjs.org/@jest/expect-utils/-/expect-utils-30.4.1.tgz 0ms (cache hit)
1706 http cache fsevents@https://registry.npmjs.org/fsevents/-/fsevents-2.3.3.tgz 0ms (cache hit)
1707 http cache bser@https://registry.npmjs.org/bser/-/bser-2.1.1.tgz 0ms (cache hit)
1708 http cache @sinonjs/commons@https://registry.npmjs.org/@sinonjs/commons/-/commons-3.0.1.tgz 0ms (cache hit)
1709 http cache anymatch@https://registry.npmjs.org/anymatch/-/anymatch-3.1.3.tgz 0ms (cache hit)
1710 http cache @sinonjs/fake-timers@https://registry.npmjs.org/@sinonjs/fake-timers/-/fake-timers-15.4.0.tgz 0ms (cache hit)
1711 http cache jest-mock@https://registry.npmjs.org/jest-mock/-/jest-mock-30.4.1.tgz 0ms (cache hit)
1712 http cache expect@https://registry.npmjs.org/expect/-/expect-30.4.1.tgz 0ms (cache hit)
1713 http cache jest-matcher-utils@https://registry.npmjs.org/jest-matcher-utils/-/jest-matcher-utils-30.4.1.tgz 0ms (cache hit)
1714 http cache stack-utils@https://registry.npmjs.org/stack-utils/-/stack-utils-2.0.6.tgz 0ms (cache hit)
1715 http cache jest-each@https://registry.npmjs.org/jest-each/-/jest-each-30.4.1.tgz 0ms (cache hit)
1716 http cache @jest/fake-timers@https://registry.npmjs.org/@jest/fake-timers/-/fake-timers-30.4.1.tgz 0ms (cache hit)
1717 http cache type-detect@https://registry.npmjs.org/type-detect/-/type-detect-4.0.8.tgz 0ms (cache hit)
1718 http cache pure-rand@https://registry.npmjs.org/pure-rand/-/pure-rand-7.0.1.tgz 0ms (cache hit)
1719 http cache is-generator-fn@https://registry.npmjs.org/is-generator-fn/-/is-generator-fn-2.1.0.tgz 0ms (cache hit)
1720 http cache dedent@https://registry.npmjs.org/dedent/-/dedent-1.7.2.tgz 0ms (cache hit)
1721 http cache co@https://registry.npmjs.org/co/-/co-4.6.0.tgz 0ms (cache hit)
1722 http cache @babel/plugin-syntax-top-level-await@https://registry.npmjs.org/@babel/plugin-syntax-top-level-await/-/plugin-syntax-top-level-await-7.14.5.tgz 0ms (cache hit)
1723 http cache @babel/plugin-syntax-optional-chaining@https://registry.npmjs.org/@babel/plugin-syntax-optional-chaining/-/plugin-syntax-optional-chaining-7.8.3.tgz 0ms (cache hit)
1724 http cache @jest/expect@https://registry.npmjs.org/@jest/expect/-/expect-30.4.1.tgz 0ms (cache hit)
1725 http cache @babel/plugin-syntax-private-property-in-object@https://registry.npmjs.org/@babel/plugin-syntax-private-property-in-object/-/plugin-syntax-private-property-in-object-7.14.5.tgz 0ms (cache hit)
1726 http cache @babel/plugin-syntax-object-rest-spread@https://registry.npmjs.org/@babel/plugin-syntax-object-rest-spread/-/plugin-syntax-object-rest-spread-7.8.3.tgz 0ms (cache hit)
1727 http cache @babel/plugin-syntax-optional-catch-binding@https://registry.npmjs.org/@babel/plugin-syntax-optional-catch-binding/-/plugin-syntax-optional-catch-binding-7.8.3.tgz 0ms (cache hit)
1728 http cache @babel/plugin-syntax-numeric-separator@https://registry.npmjs.org/@babel/plugin-syntax-numeric-separator/-/plugin-syntax-numeric-separator-7.10.4.tgz 0ms (cache hit)
1729 http cache @babel/plugin-syntax-nullish-coalescing-operator@https://registry.npmjs.org/@babel/plugin-syntax-nullish-coalescing-operator/-/plugin-syntax-nullish-coalescing-operator-7.8.3.tgz 0ms (cache hit)
1730 http cache @jest/environment@https://registry.npmjs.org/@jest/environment/-/environment-30.4.1.tgz 0ms (cache hit)
1731 http cache @babel/plugin-syntax-logical-assignment-operators@https://registry.npmjs.org/@babel/plugin-syntax-logical-assignment-operators/-/plugin-syntax-logical-assignment-operators-7.10.4.tgz 0ms (cache hit)
1732 http cache @babel/plugin-syntax-class-properties@https://registry.npmjs.org/@babel/plugin-syntax-class-properties/-/plugin-syntax-class-properties-7.12.13.tgz 0ms (cache hit)
1733 http cache @babel/plugin-syntax-class-static-block@https://registry.npmjs.org/@babel/plugin-syntax-class-static-block/-/plugin-syntax-class-static-block-7.14.5.tgz 0ms (cache hit)
1734 http cache @babel/plugin-syntax-async-generators@https://registry.npmjs.org/@babel/plugin-syntax-async-generators/-/plugin-syntax-async-generators-7.8.4.tgz 0ms (cache hit)
1735 http cache @babel/plugin-syntax-import-meta@https://registry.npmjs.org/@babel/plugin-syntax-import-meta/-/plugin-syntax-import-meta-7.10.4.tgz 0ms (cache hit)
1736 http cache @babel/plugin-syntax-bigint@https://registry.npmjs.org/@babel/plugin-syntax-bigint/-/plugin-syntax-bigint-7.8.3.tgz 0ms (cache hit)
1737 http cache @babel/plugin-syntax-import-attributes@https://registry.npmjs.org/@babel/plugin-syntax-import-attributes/-/plugin-syntax-import-attributes-7.29.7.tgz 0ms (cache hit)
1738 http cache @babel/plugin-syntax-json-strings@https://registry.npmjs.org/@babel/plugin-syntax-json-strings/-/plugin-syntax-json-strings-7.8.3.tgz 0ms (cache hit)
1739 http cache babel-plugin-jest-hoist@https://registry.npmjs.org/babel-plugin-jest-hoist/-/babel-plugin-jest-hoist-30.4.0.tgz 0ms (cache hit)
1740 http cache @types/babel__traverse@https://registry.npmjs.org/@types/babel__traverse/-/babel__traverse-7.28.0.tgz 0ms (cache hit)
1741 http cache babel-preset-current-node-syntax@https://registry.npmjs.org/babel-preset-current-node-syntax/-/babel-preset-current-node-syntax-1.2.0.tgz 0ms (cache hit)
1742 http cache @types/babel__core@https://registry.npmjs.org/@types/babel__core/-/babel__core-7.20.5.tgz 0ms (cache hit)
1743 http cache babel-preset-jest@https://registry.npmjs.org/babel-preset-jest/-/babel-preset-jest-30.4.0.tgz 0ms (cache hit)
1744 http cache strip-json-comments@https://registry.npmjs.org/strip-json-comments/-/strip-json-comments-3.1.1.tgz 0ms (cache hit)
1745 http cache @types/babel__generator@https://registry.npmjs.org/@types/babel__generator/-/babel__generator-7.27.0.tgz 0ms (cache hit)
1746 http cache jest-environment-node@https://registry.npmjs.org/jest-environment-node/-/jest-environment-node-30.4.1.tgz 0ms (cache hit)
1747 http cache @types/babel__template@https://registry.npmjs.org/@types/babel__template/-/babel__template-7.4.4.tgz 0ms (cache hit)
1748 http cache deepmerge@https://registry.npmjs.org/deepmerge/-/deepmerge-4.3.1.tgz 0ms (cache hit)
1749 http cache jest-docblock@https://registry.npmjs.org/jest-docblock/-/jest-docblock-30.4.0.tgz 0ms (cache hit)
1750 http cache jest-circus@https://registry.npmjs.org/jest-circus/-/jest-circus-30.4.2.tgz 0ms (cache hit)
1751 http cache babel-jest@https://registry.npmjs.org/babel-jest/-/babel-jest-30.4.1.tgz 0ms (cache hit)
1752 http cache @jest/test-sequencer@https://registry.npmjs.org/@jest/test-sequencer/-/test-sequencer-30.4.1.tgz 0ms (cache hit)
1753 http cache @jest/get-type@https://registry.npmjs.org/@jest/get-type/-/get-type-30.1.0.tgz 0ms (cache hit)
1754 http cache npm-run-path@https://registry.npmjs.org/npm-run-path/-/npm-run-path-4.0.1.tgz 0ms (cache hit)
1755 http cache merge-stream@https://registry.npmjs.org/merge-stream/-/merge-stream-2.0.0.tgz 0ms (cache hit)
1756 http cache is-stream@https://registry.npmjs.org/is-stream/-/is-stream-2.0.1.tgz 0ms (cache hit)
1757 http cache human-signals@https://registry.npmjs.org/human-signals/-/human-signals-2.1.0.tgz 0ms (cache hit)
1758 http cache strip-final-newline@https://registry.npmjs.org/strip-final-newline/-/strip-final-newline-2.0.0.tgz 0ms (cache hit)
1759 http cache execa@https://registry.npmjs.org/execa/-/execa-5.1.1.tgz 0ms (cache hit)
1760 http cache wrap-ansi-cjs@https://registry.npmjs.org/wrap-ansi/-/wrap-ansi-7.0.0.tgz 0ms (cache hit)
1761 http cache get-stream@https://registry.npmjs.org/get-stream/-/get-stream-6.0.1.tgz 0ms (cache hit)
1762 http cache @pkgjs/parseargs@https://registry.npmjs.org/@pkgjs/parseargs/-/parseargs-0.11.0.tgz 0ms (cache hit)
1763 http cache html-escaper@https://registry.npmjs.org/html-escaper/-/html-escaper-2.0.2.tgz 0ms (cache hit)
1764 http cache resolve-cwd@https://registry.npmjs.org/resolve-cwd/-/resolve-cwd-3.0.0.tgz 0ms (cache hit)
1765 http cache strip-ansi-cjs@https://registry.npmjs.org/strip-ansi/-/strip-ansi-6.0.1.tgz 0ms (cache hit)
1766 http cache @isaacs/cliui@https://registry.npmjs.org/@isaacs/cliui/-/cliui-8.0.2.tgz 0ms (cache hit)
1767 http cache make-dir@https://registry.npmjs.org/make-dir/-/make-dir-4.0.0.tgz 0ms (cache hit)
1768 http cache pkg-dir@https://registry.npmjs.org/pkg-dir/-/pkg-dir-4.2.0.tgz 0ms (cache hit)
1769 http cache path-scurry@https://registry.npmjs.org/path-scurry/-/path-scurry-1.11.1.tgz 0ms (cache hit)
1770 http cache string-width-cjs@https://registry.npmjs.org/string-width/-/string-width-4.2.3.tgz 0ms (cache hit)
1771 http cache minipass@https://registry.npmjs.org/minipass/-/minipass-7.1.3.tgz 0ms (cache hit)
1772 http cache jackspeak@https://registry.npmjs.org/jackspeak/-/jackspeak-3.4.3.tgz 0ms (cache hit)
1773 http cache foreground-child@https://registry.npmjs.org/foreground-child/-/foreground-child-3.3.1.tgz 0ms (cache hit)
1774 http cache package-json-from-dist@https://registry.npmjs.org/package-json-from-dist/-/package-json-from-dist-1.0.1.tgz 0ms (cache hit)
1775 http cache update-browserslist-db@https://registry.npmjs.org/update-browserslist-db/-/update-browserslist-db-1.2.3.tgz 0ms (cache hit)
1776 http cache node-releases@https://registry.npmjs.org/node-releases/-/node-releases-2.0.50.tgz 0ms (cache hit)
1777 http cache electron-to-chromium@https://registry.npmjs.org/electron-to-chromium/-/electron-to-chromium-1.5.379.tgz 0ms (cache hit)
1778 http cache caniuse-lite@https://registry.npmjs.org/caniuse-lite/-/caniuse-lite-1.0.30001799.tgz 0ms (cache hit)
1779 http cache baseline-browser-mapping@https://registry.npmjs.org/baseline-browser-mapping/-/baseline-browser-mapping-2.10.40.tgz 0ms (cache hit)
1780 http cache test-exclude@https://registry.npmjs.org/test-exclude/-/test-exclude-6.0.0.tgz 0ms (cache hit)
1781 http cache camelcase@https://registry.npmjs.org/camelcase/-/camelcase-5.3.1.tgz 0ms (cache hit)
1782 http cache get-package-type@https://registry.npmjs.org/get-package-type/-/get-package-type-0.1.0.tgz 0ms (cache hit)
1783 http cache supports-color@https://registry.npmjs.org/supports-color/-/supports-color-7.2.0.tgz 0ms (cache hit)
1784 http cache @istanbuljs/load-nyc-config@https://registry.npmjs.org/@istanbuljs/load-nyc-config/-/load-nyc-config-1.1.0.tgz 0ms (cache hit)
1785 http cache @istanbuljs/schema@https://registry.npmjs.org/@istanbuljs/schema/-/schema-0.1.6.tgz 0ms (cache hit)
1786 http cache @types/yargs-parser@https://registry.npmjs.org/@types/yargs-parser/-/yargs-parser-21.0.3.tgz 0ms (cache hit)
1787 http cache @babel/helper-plugin-utils@https://registry.npmjs.org/@babel/helper-plugin-utils/-/helper-plugin-utils-7.29.7.tgz 0ms (cache hit)
1788 http cache @jridgewell/sourcemap-codec@https://registry.npmjs.org/@jridgewell/sourcemap-codec/-/sourcemap-codec-1.5.5.tgz 0ms (cache hit)
1789 http cache @sinclair/typebox@https://registry.npmjs.org/@sinclair/typebox/-/typebox-0.34.49.tgz 0ms (cache hit)
1790 http cache @types/istanbul-reports@https://registry.npmjs.org/@types/istanbul-reports/-/istanbul-reports-3.0.4.tgz 0ms (cache hit)
1791 http cache @types/istanbul-lib-report@https://registry.npmjs.org/@types/istanbul-lib-report/-/istanbul-lib-report-3.0.3.tgz 0ms (cache hit)
1792 http cache @babel/helper-string-parser@https://registry.npmjs.org/@babel/helper-string-parser/-/helper-string-parser-7.29.7.tgz 0ms (cache hit)
1793 http cache @babel/helper-globals@https://registry.npmjs.org/@babel/helper-globals/-/helper-globals-7.29.7.tgz 0ms (cache hit)
1794 http cache @babel/helper-module-imports@https://registry.npmjs.org/@babel/helper-module-imports/-/helper-module-imports-7.29.7.tgz 0ms (cache hit)
1795 http cache browserslist@https://registry.npmjs.org/browserslist/-/browserslist-4.28.4.tgz 0ms (cache hit)
1796 http cache lru-cache@https://registry.npmjs.org/lru-cache/-/lru-cache-5.1.1.tgz 0ms (cache hit)
1797 http cache @babel/helper-validator-option@https://registry.npmjs.org/@babel/helper-validator-option/-/helper-validator-option-7.29.7.tgz 0ms (cache hit)
1798 http cache @jest/schemas@https://registry.npmjs.org/@jest/schemas/-/schemas-30.4.1.tgz 0ms (cache hit)
1799 http cache @jridgewell/resolve-uri@https://registry.npmjs.org/@jridgewell/resolve-uri/-/resolve-uri-3.1.2.tgz 0ms (cache hit)
1800 http cache jsesc@https://registry.npmjs.org/jsesc/-/jsesc-3.1.0.tgz 0ms (cache hit)
1801 http cache @babel/compat-data@https://registry.npmjs.org/@babel/compat-data/-/compat-data-7.29.7.tgz 0ms (cache hit)
1802 http cache @jridgewell/gen-mapping@https://registry.npmjs.org/@jridgewell/gen-mapping/-/gen-mapping-0.3.13.tgz 0ms (cache hit)
1803 http cache @types/yargs@https://registry.npmjs.org/@types/yargs/-/yargs-17.0.35.tgz 0ms (cache hit)
1804 http cache gensync@https://registry.npmjs.org/gensync/-/gensync-1.0.0-beta.2.tgz 0ms (cache hit)
1805 http cache @babel/types@https://registry.npmjs.org/@babel/types/-/types-7.29.7.tgz 0ms (cache hit)
1806 http cache @jridgewell/remapping@https://registry.npmjs.org/@jridgewell/remapping/-/remapping-2.3.5.tgz 0ms (cache hit)
1807 http cache @babel/template@https://registry.npmjs.org/@babel/template/-/template-7.29.7.tgz 0ms (cache hit)
1808 http cache @babel/parser@https://registry.npmjs.org/@babel/parser/-/parser-7.29.7.tgz 0ms (cache hit)
1809 http cache @babel/traverse@https://registry.npmjs.org/@babel/traverse/-/traverse-7.29.7.tgz 0ms (cache hit)
1810 http cache @babel/helpers@https://registry.npmjs.org/@babel/helpers/-/helpers-7.29.7.tgz 0ms (cache hit)
1811 http cache @babel/helper-compilation-targets@https://registry.npmjs.org/@babel/helper-compilation-targets/-/helper-compilation-targets-7.29.7.tgz 0ms (cache hit)
1812 http cache @babel/helper-module-transforms@https://registry.npmjs.org/@babel/helper-module-transforms/-/helper-module-transforms-7.29.7.tgz 0ms (cache hit)
1813 http cache @babel/generator@https://registry.npmjs.org/@babel/generator/-/generator-7.29.7.tgz 0ms (cache hit)
1814 http cache write-file-atomic@https://registry.npmjs.org/write-file-atomic/-/write-file-atomic-5.0.1.tgz 0ms (cache hit)
1815 http cache convert-source-map@https://registry.npmjs.org/convert-source-map/-/convert-source-map-2.0.0.tgz 0ms (cache hit)
1816 http cache @babel/core@https://registry.npmjs.org/@babel/core/-/core-7.29.7.tgz 0ms (cache hit)
1817 http cache @types/istanbul-lib-coverage@https://registry.npmjs.org/@types/istanbul-lib-coverage/-/istanbul-lib-coverage-2.0.6.tgz 0ms (cache hit)
1818 http cache babel-plugin-istanbul@https://registry.npmjs.org/babel-plugin-istanbul/-/babel-plugin-istanbul-7.0.1.tgz 0ms (cache hit)
1819 http cache v8-to-istanbul@https://registry.npmjs.org/v8-to-istanbul/-/v8-to-istanbul-9.3.0.tgz 0ms (cache hit)
1820 http cache string-length@https://registry.npmjs.org/string-length/-/string-length-4.0.2.tgz 0ms (cache hit)
1821 http cache pirates@https://registry.npmjs.org/pirates/-/pirates-4.0.7.tgz 0ms (cache hit)
1822 http cache jest-worker@https://registry.npmjs.org/jest-worker/-/jest-worker-30.4.1.tgz 0ms (cache hit)
1823 http cache json5@https://registry.npmjs.org/json5/-/json5-2.2.3.tgz 0ms (cache hit)
1824 http cache istanbul-reports@https://registry.npmjs.org/istanbul-reports/-/istanbul-reports-3.2.0.tgz 0ms (cache hit)
1825 http cache istanbul-lib-source-maps@https://registry.npmjs.org/istanbul-lib-source-maps/-/istanbul-lib-source-maps-5.0.6.tgz 0ms (cache hit)
1826 http cache istanbul-lib-report@https://registry.npmjs.org/istanbul-lib-report/-/istanbul-lib-report-3.0.1.tgz 0ms (cache hit)
1827 http cache istanbul-lib-instrument@https://registry.npmjs.org/istanbul-lib-instrument/-/istanbul-lib-instrument-6.0.3.tgz 0ms (cache hit)
1828 http cache istanbul-lib-coverage@https://registry.npmjs.org/istanbul-lib-coverage/-/istanbul-lib-coverage-3.2.2.tgz 0ms (cache hit)
1829 http cache @bcoe/v8-coverage@https://registry.npmjs.org/@bcoe/v8-coverage/-/v8-coverage-0.2.3.tgz 0ms (cache hit)
1830 http cache collect-v8-coverage@https://registry.npmjs.org/collect-v8-coverage/-/collect-v8-coverage-1.0.3.tgz 0ms (cache hit)
1831 http cache @jridgewell/trace-mapping@https://registry.npmjs.org/@jridgewell/trace-mapping/-/trace-mapping-0.3.31.tgz 0ms (cache hit)
1832 http cache pretty-format@https://registry.npmjs.org/pretty-format/-/pretty-format-30.4.1.tgz 0ms (cache hit)
1833 http cache jest-watcher@https://registry.npmjs.org/jest-watcher/-/jest-watcher-30.4.1.tgz 0ms (cache hit)
1834 http cache slash@https://registry.npmjs.org/slash/-/slash-3.0.0.tgz 0ms (cache hit)
1835 http cache jest-validate@https://registry.npmjs.org/jest-validate/-/jest-validate-30.4.1.tgz 0ms (cache hit)
1836 http cache jest-util@https://registry.npmjs.org/jest-util/-/jest-util-30.4.1.tgz 0ms (cache hit)
1837 http cache jest-snapshot@https://registry.npmjs.org/jest-snapshot/-/jest-snapshot-30.4.1.tgz 0ms (cache hit)
1838 http cache jest-runtime@https://registry.npmjs.org/jest-runtime/-/jest-runtime-30.4.2.tgz 0ms (cache hit)
1839 http cache jest-runner@https://registry.npmjs.org/jest-runner/-/jest-runner-30.4.2.tgz 0ms (cache hit)
1840 http cache glob@https://registry.npmjs.org/glob/-/glob-10.5.0.tgz 0ms (cache hit)
1841 http cache jest-resolve-dependencies@https://registry.npmjs.org/jest-resolve-dependencies/-/jest-resolve-dependencies-30.4.2.tgz 0ms (cache hit)
1842 http cache jest-regex-util@https://registry.npmjs.org/jest-regex-util/-/jest-regex-util-30.4.0.tgz 0ms (cache hit)
1843 http cache jest-resolve@https://registry.npmjs.org/jest-resolve/-/jest-resolve-30.4.1.tgz 0ms (cache hit)
1844 http cache jest-haste-map@https://registry.npmjs.org/jest-haste-map/-/jest-haste-map-30.4.1.tgz 0ms (cache hit)
1845 http cache jest-message-util@https://registry.npmjs.org/jest-message-util/-/jest-message-util-30.4.1.tgz 0ms (cache hit)
1846 http cache jest-config@https://registry.npmjs.org/jest-config/-/jest-config-30.4.2.tgz 0ms (cache hit)
1847 http cache graceful-fs@https://registry.npmjs.org/graceful-fs/-/graceful-fs-4.2.11.tgz 0ms (cache hit)
1848 http cache jest-changed-files@https://registry.npmjs.org/jest-changed-files/-/jest-changed-files-30.4.1.tgz 0ms (cache hit)
1849 http cache exit-x@https://registry.npmjs.org/exit-x/-/exit-x-0.2.2.tgz 0ms (cache hit)
1850 http cache chalk@https://registry.npmjs.org/chalk/-/chalk-4.1.2.tgz 0ms (cache hit)
1851 http cache ci-info@https://registry.npmjs.org/ci-info/-/ci-info-4.4.0.tgz 0ms (cache hit)
1852 http cache @jest/test-result@https://registry.npmjs.org/@jest/test-result/-/test-result-30.4.1.tgz 0ms (cache hit)
1853 http cache @jest/transform@https://registry.npmjs.org/@jest/transform/-/transform-30.4.1.tgz 0ms (cache hit)
1854 http cache @jest/reporters@https://registry.npmjs.org/@jest/reporters/-/reporters-30.4.1.tgz 0ms (cache hit)
1855 http cache @jest/pattern@https://registry.npmjs.org/@jest/pattern/-/pattern-30.4.0.tgz 0ms (cache hit)
1856 http cache import-local@https://registry.npmjs.org/import-local/-/import-local-3.2.0.tgz 0ms (cache hit)
1857 http cache jest-cli@https://registry.npmjs.org/jest-cli/-/jest-cli-30.4.2.tgz 0ms (cache hit)
1858 http cache @jest/types@https://registry.npmjs.org/@jest/types/-/types-30.4.1.tgz 0ms (cache hit)
1859 http cache @jest/console@https://registry.npmjs.org/@jest/console/-/console-30.4.1.tgz 0ms (cache hit)
1860 http cache jest@https://registry.npmjs.org/jest/-/jest-30.4.2.tgz 0ms (cache hit)
1861 http cache mime-db@https://registry.npmjs.org/mime-db/-/mime-db-1.52.0.tgz 0ms (cache hit)
1862 http cache mime-types@https://registry.npmjs.org/mime-types/-/mime-types-2.1.35.tgz 0ms (cache hit)
1863 http cache @jest/core@https://registry.npmjs.org/@jest/core/-/core-30.4.2.tgz 0ms (cache hit)
1864 http cache picomatch@https://registry.npmjs.org/picomatch/-/picomatch-2.3.2.tgz 0ms (cache hit)
1865 http cache ansi-regex@https://registry.npmjs.org/ansi-regex/-/ansi-regex-5.0.1.tgz 0ms (cache hit)
1866 http cache escape-string-regexp@https://registry.npmjs.org/escape-string-regexp/-/escape-string-regexp-2.0.0.tgz 0ms (cache hit)
1867 http cache onetime@https://registry.npmjs.org/onetime/-/onetime-5.1.2.tgz 0ms (cache hit)
1868 http cache signal-exit@https://registry.npmjs.org/signal-exit/-/signal-exit-3.0.7.tgz 0ms (cache hit)
1869 http cache supertest@https://registry.npmjs.org/supertest/-/supertest-7.2.2.tgz 0ms (cache hit)
1870 http cache is-fullwidth-code-point@https://registry.npmjs.org/is-fullwidth-code-point/-/is-fullwidth-code-point-3.0.0.tgz 0ms (cache hit)
1871 http cache string-width@https://registry.npmjs.org/string-width/-/string-width-4.2.3.tgz 0ms (cache hit)
1872 http cache emoji-regex@https://registry.npmjs.org/emoji-regex/-/emoji-regex-8.0.0.tgz 0ms (cache hit)
1873 http cache ansi-styles@https://registry.npmjs.org/ansi-styles/-/ansi-styles-4.3.0.tgz 0ms (cache hit)
1874 http cache ansi-regex@https://registry.npmjs.org/ansi-regex/-/ansi-regex-5.0.1.tgz 0ms (cache hit)
1875 http cache strip-ansi@https://registry.npmjs.org/strip-ansi/-/strip-ansi-6.0.1.tgz 0ms (cache hit)
1876 http cache is-fullwidth-code-point@https://registry.npmjs.org/is-fullwidth-code-point/-/is-fullwidth-code-point-3.0.0.tgz 0ms (cache hit)
1877 http cache wrap-ansi@https://registry.npmjs.org/wrap-ansi/-/wrap-ansi-8.1.0.tgz 0ms (cache hit)
1878 http cache emoji-regex@https://registry.npmjs.org/emoji-regex/-/emoji-regex-9.2.2.tgz 0ms (cache hit)
1879 http cache strip-ansi@https://registry.npmjs.org/strip-ansi/-/strip-ansi-6.0.1.tgz 0ms (cache hit)
1880 http cache ansi-regex@https://registry.npmjs.org/ansi-regex/-/ansi-regex-5.0.1.tgz 0ms (cache hit)
1881 http cache string-width@https://registry.npmjs.org/string-width/-/string-width-5.1.2.tgz 0ms (cache hit)
1882 http cache p-locate@https://registry.npmjs.org/p-locate/-/p-locate-4.1.0.tgz 0ms (cache hit)
1883 http cache p-limit@https://registry.npmjs.org/p-limit/-/p-limit-2.3.0.tgz 0ms (cache hit)
1884 http cache find-up@https://registry.npmjs.org/find-up/-/find-up-4.1.0.tgz 0ms (cache hit)
1885 http cache lru-cache@https://registry.npmjs.org/lru-cache/-/lru-cache-10.4.3.tgz 0ms (cache hit)
1886 http cache locate-path@https://registry.npmjs.org/locate-path/-/locate-path-5.0.0.tgz 0ms (cache hit)
1887 http cache balanced-match@https://registry.npmjs.org/balanced-match/-/balanced-match-1.0.2.tgz 0ms (cache hit)
1888 http cache minimatch@https://registry.npmjs.org/minimatch/-/minimatch-3.1.5.tgz 0ms (cache hit)
1889 http cache emoji-regex@https://registry.npmjs.org/emoji-regex/-/emoji-regex-8.0.0.tgz 0ms (cache hit)
1890 http cache glob@https://registry.npmjs.org/glob/-/glob-7.2.3.tgz 0ms (cache hit)
1891 http cache p-limit@https://registry.npmjs.org/p-limit/-/p-limit-2.3.0.tgz 0ms (cache hit)
1892 http cache brace-expansion@https://registry.npmjs.org/brace-expansion/-/brace-expansion-1.1.15.tgz 0ms (cache hit)
1893 http cache argparse@https://registry.npmjs.org/argparse/-/argparse-1.0.10.tgz 0ms (cache hit)
1894 http cache js-yaml@https://registry.npmjs.org/js-yaml/-/js-yaml-3.14.2.tgz 0ms (cache hit)
1895 http cache semver@https://registry.npmjs.org/semver/-/semver-6.3.1.tgz 0ms (cache hit)
1896 http cache p-locate@https://registry.npmjs.org/p-locate/-/p-locate-4.1.0.tgz 0ms (cache hit)
1897 http cache find-up@https://registry.npmjs.org/find-up/-/find-up-4.1.0.tgz 0ms (cache hit)
1898 http cache locate-path@https://registry.npmjs.org/locate-path/-/locate-path-5.0.0.tgz 0ms (cache hit)
1899 http cache semver@https://registry.npmjs.org/semver/-/semver-6.3.1.tgz 0ms (cache hit)
1900 http cache ansi-regex@https://registry.npmjs.org/ansi-regex/-/ansi-regex-5.0.1.tgz 0ms (cache hit)
1901 http cache balanced-match@https://registry.npmjs.org/balanced-match/-/balanced-match-1.0.2.tgz 0ms (cache hit)
1902 http cache ansi-styles@https://registry.npmjs.org/ansi-styles/-/ansi-styles-5.2.0.tgz 0ms (cache hit)
1903 http cache brace-expansion@https://registry.npmjs.org/brace-expansion/-/brace-expansion-2.1.1.tgz 0ms (cache hit)
1904 http cache minimatch@https://registry.npmjs.org/minimatch/-/minimatch-9.0.9.tgz 0ms (cache hit)
1905 http cache strip-ansi@https://registry.npmjs.org/strip-ansi/-/strip-ansi-6.0.1.tgz 0ms (cache hit)
1906 http cache camelcase@https://registry.npmjs.org/camelcase/-/camelcase-6.3.0.tgz 0ms (cache hit)
1907 http cache ansi-escapes@https://registry.npmjs.org/ansi-escapes/-/ansi-escapes-4.3.2.tgz 0ms (cache hit)
1908 http cache ansi-styles@https://registry.npmjs.org/ansi-styles/-/ansi-styles-4.3.0.tgz 0ms (cache hit)
1909 http cache ansi-styles@https://registry.npmjs.org/ansi-styles/-/ansi-styles-4.3.0.tgz 0ms (cache hit)
1910 http cache ansi-regex@https://registry.npmjs.org/ansi-regex/-/ansi-regex-5.0.1.tgz 0ms (cache hit)
1911 http cache wrap-ansi@https://registry.npmjs.org/wrap-ansi/-/wrap-ansi-7.0.0.tgz 0ms (cache hit)
1912 http cache is-fullwidth-code-point@https://registry.npmjs.org/is-fullwidth-code-point/-/is-fullwidth-code-point-3.0.0.tgz 0ms (cache hit)
1913 http cache emoji-regex@https://registry.npmjs.org/emoji-regex/-/emoji-regex-8.0.0.tgz 0ms (cache hit)
1914 http cache string-width@https://registry.npmjs.org/string-width/-/string-width-4.2.3.tgz 0ms (cache hit)
1915 http cache supports-color@https://registry.npmjs.org/supports-color/-/supports-color-8.1.1.tgz 0ms (cache hit)
1916 http cache strip-ansi@https://registry.npmjs.org/strip-ansi/-/strip-ansi-6.0.1.tgz 0ms (cache hit)
1917 http cache yargs-parser@https://registry.npmjs.org/yargs-parser/-/yargs-parser-21.1.1.tgz 0ms (cache hit)
1918 http cache yargs@https://registry.npmjs.org/yargs/-/yargs-17.7.3.tgz 0ms (cache hit)
1919 http cache ansi-escapes@https://registry.npmjs.org/ansi-escapes/-/ansi-escapes-4.3.2.tgz 0ms (cache hit)
1920 http cache cliui@https://registry.npmjs.org/cliui/-/cliui-8.0.1.tgz 0ms (cache hit)
1921 silly tarball no local data for concat-map@https://registry.npmjs.org/concat-map/-/concat-map-0.0.1.tgz. Extracting by manifest.
1922 silly tarball no local data for inflight@https://registry.npmjs.org/inflight/-/inflight-1.0.6.tgz. Extracting by manifest.
1923 silly tarball no local data for fs.realpath@https://registry.npmjs.org/fs.realpath/-/fs.realpath-1.0.0.tgz. Extracting by manifest.
1924 silly tarball no local data for require-directory@https://registry.npmjs.org/require-directory/-/require-directory-2.1.1.tgz. Extracting by manifest.
1925 silly tarball no local data for path-is-absolute@https://registry.npmjs.org/path-is-absolute/-/path-is-absolute-1.0.1.tgz. Extracting by manifest.
1926 silly tarball no local data for color-convert@https://registry.npmjs.org/color-convert/-/color-convert-2.0.1.tgz. Extracting by manifest.
1927 silly tarball no local data for color-name@https://registry.npmjs.org/color-name/-/color-name-1.1.4.tgz. Extracting by manifest.
1928 silly tarball no local data for type-fest@https://registry.npmjs.org/type-fest/-/type-fest-0.21.3.tgz. Extracting by manifest.
1929 silly tarball no local data for p-try@https://registry.npmjs.org/p-try/-/p-try-2.2.0.tgz. Extracting by manifest.
1930 silly tarball no local data for eastasianwidth@https://registry.npmjs.org/eastasianwidth/-/eastasianwidth-0.2.0.tgz. Extracting by manifest.
1931 silly tarball no local data for mimic-fn@https://registry.npmjs.org/mimic-fn/-/mimic-fn-2.1.0.tgz. Extracting by manifest.
1932 silly tarball no local data for sprintf-js@https://registry.npmjs.org/sprintf-js/-/sprintf-js-1.0.3.tgz. Extracting by manifest.
1933 silly tarball no local data for makeerror@https://registry.npmjs.org/makeerror/-/makeerror-1.0.12.tgz. Extracting by manifest.
1934 silly tarball no local data for esprima@https://registry.npmjs.org/esprima/-/esprima-4.0.1.tgz. Extracting by manifest.
1935 silly tarball no local data for tmpl@https://registry.npmjs.org/tmpl/-/tmpl-1.0.5.tgz. Extracting by manifest.
1936 silly tarball no local data for @tybys/wasm-util@https://registry.npmjs.org/@tybys/wasm-util/-/wasm-util-0.10.3.tgz. Extracting by manifest.
1937 silly tarball no local data for @emnapi/wasi-threads@https://registry.npmjs.org/@emnapi/wasi-threads/-/wasi-threads-1.2.1.tgz. Extracting by manifest.
1938 silly tarball no local data for tslib@https://registry.npmjs.org/tslib/-/tslib-2.8.1.tgz. Extracting by manifest.
1939 silly tarball no local data for @emnapi/core@https://registry.npmjs.org/@emnapi/core/-/core-1.10.0.tgz. Extracting by manifest.
1940 silly tarball no local data for @napi-rs/wasm-runtime@https://registry.npmjs.org/@napi-rs/wasm-runtime/-/wasm-runtime-1.1.6.tgz. Extracting by manifest.
1941 silly tarball no local data for @emnapi/runtime@https://registry.npmjs.org/@emnapi/runtime/-/runtime-1.10.0.tgz. Extracting by manifest.
1942 silly tarball no local data for napi-postinstall@https://registry.npmjs.org/napi-postinstall/-/napi-postinstall-0.3.4.tgz. Extracting by manifest.
1943 silly tarball no local data for @unrs/resolver-binding-darwin-arm64@https://registry.npmjs.org/@unrs/resolver-binding-darwin-arm64/-/resolver-binding-darwin-arm64-1.12.2.tgz. Extracting by manifest.
1944 silly tarball no local data for has-flag@https://registry.npmjs.org/has-flag/-/has-flag-4.0.0.tgz. Extracting by manifest.
1945 silly tarball no local data for @pkgr/core@https://registry.npmjs.org/@pkgr/core/-/core-0.3.6.tgz. Extracting by manifest.
1946 silly tarball no local data for asap@https://registry.npmjs.org/asap/-/asap-2.0.6.tgz. Extracting by manifest.
1947 silly tarball no local data for @noble/hashes@https://registry.npmjs.org/@noble/hashes/-/hashes-1.8.0.tgz. Extracting by manifest.
1948 silly tarball no local data for @paralleldrive/cuid2@https://registry.npmjs.org/@paralleldrive/cuid2/-/cuid2-2.3.1.tgz. Extracting by manifest.
1949 silly tarball no local data for delayed-stream@https://registry.npmjs.org/delayed-stream/-/delayed-stream-1.0.0.tgz. Extracting by manifest.
1950 silly tarball no local data for combined-stream@https://registry.npmjs.org/combined-stream/-/combined-stream-1.0.8.tgz. Extracting by manifest.
1951 silly tarball no local data for has-tostringtag@https://registry.npmjs.org/has-tostringtag/-/has-tostringtag-1.0.2.tgz. Extracting by manifest.
1952 silly tarball no local data for dezalgo@https://registry.npmjs.org/dezalgo/-/dezalgo-1.0.4.tgz. Extracting by manifest.
1953 silly tarball no local data for asynckit@https://registry.npmjs.org/asynckit/-/asynckit-0.4.0.tgz. Extracting by manifest.
1954 silly tarball no local data for form-data@https://registry.npmjs.org/form-data/-/form-data-4.0.6.tgz. Extracting by manifest.
1955 silly tarball no local data for es-set-tostringtag@https://registry.npmjs.org/es-set-tostringtag/-/es-set-tostringtag-2.1.0.tgz. Extracting by manifest.
1956 silly tarball no local data for formidable@https://registry.npmjs.org/formidable/-/formidable-3.5.4.tgz. Extracting by manifest.
1957 silly tarball no local data for cookiejar@https://registry.npmjs.org/cookiejar/-/cookiejar-2.1.4.tgz. Extracting by manifest.
1958 silly tarball no local data for mime@https://registry.npmjs.org/mime/-/mime-2.6.0.tgz. Extracting by manifest.
1959 silly tarball no local data for component-emitter@https://registry.npmjs.org/component-emitter/-/component-emitter-1.3.1.tgz. Extracting by manifest.
1960 silly tarball no local data for char-regex@https://registry.npmjs.org/char-regex/-/char-regex-1.0.2.tgz. Extracting by manifest.
1961 silly tarball no local data for superagent@https://registry.npmjs.org/superagent/-/superagent-10.3.0.tgz. Extracting by manifest.
1962 silly tarball no local data for source-map@https://registry.npmjs.org/source-map/-/source-map-0.6.1.tgz. Extracting by manifest.
1963 silly tarball no local data for buffer-from@https://registry.npmjs.org/buffer-from/-/buffer-from-1.1.2.tgz. Extracting by manifest.
1964 silly tarball no local data for react-is-18@https://registry.npmjs.org/react-is/-/react-is-18.3.1.tgz. Extracting by manifest.
1965 silly tarball no local data for fast-safe-stringify@https://registry.npmjs.org/fast-safe-stringify/-/fast-safe-stringify-2.1.1.tgz. Extracting by manifest.
1966 silly tarball no local data for yallist@https://registry.npmjs.org/yallist/-/yallist-3.1.1.tgz. Extracting by manifest.
1967 silly tarball no local data for leven@https://registry.npmjs.org/leven/-/leven-3.1.0.tgz. Extracting by manifest.
1968 silly tarball no local data for @ungap/structured-clone@https://registry.npmjs.org/@ungap/structured-clone/-/structured-clone-1.3.2.tgz. Extracting by manifest.
1969 silly tarball no local data for synckit@https://registry.npmjs.org/synckit/-/synckit-0.11.13.tgz. Extracting by manifest.
1970 silly tarball no local data for methods@https://registry.npmjs.org/methods/-/methods-1.1.2.tgz. Extracting by manifest.
1971 silly tarball no local data for @jest/snapshot-utils@https://registry.npmjs.org/@jest/snapshot-utils/-/snapshot-utils-30.4.1.tgz. Extracting by manifest.
1972 silly tarball no local data for react-is-19@https://registry.npmjs.org/react-is/-/react-is-19.2.7.tgz. Extracting by manifest.
1973 silly tarball no local data for @babel/plugin-syntax-jsx@https://registry.npmjs.org/@babel/plugin-syntax-jsx/-/plugin-syntax-jsx-7.29.7.tgz. Extracting by manifest.
1974 silly tarball no local data for strip-bom@https://registry.npmjs.org/strip-bom/-/strip-bom-4.0.0.tgz. Extracting by manifest.
1975 silly tarball no local data for @babel/plugin-syntax-typescript@https://registry.npmjs.org/@babel/plugin-syntax-typescript/-/plugin-syntax-typescript-7.29.7.tgz. Extracting by manifest.
1976 silly tarball no local data for @jest/source-map@https://registry.npmjs.org/@jest/source-map/-/source-map-30.0.1.tgz. Extracting by manifest.
1977 silly tarball no local data for @jest/globals@https://registry.npmjs.org/@jest/globals/-/globals-30.4.1.tgz. Extracting by manifest.
1978 silly tarball no local data for jest-leak-detector@https://registry.npmjs.org/jest-leak-detector/-/jest-leak-detector-30.4.1.tgz. Extracting by manifest.
1979 silly tarball no local data for cjs-module-lexer@https://registry.npmjs.org/cjs-module-lexer/-/cjs-module-lexer-2.2.0.tgz. Extracting by manifest.
1980 silly tarball no local data for emittery@https://registry.npmjs.org/emittery/-/emittery-0.13.1.tgz. Extracting by manifest.
1981 silly tarball no local data for unrs-resolver@https://registry.npmjs.org/unrs-resolver/-/unrs-resolver-1.12.2.tgz. Extracting by manifest.
1982 silly tarball no local data for jest-pnp-resolver@https://registry.npmjs.org/jest-pnp-resolver/-/jest-pnp-resolver-1.2.3.tgz. Extracting by manifest.
1983 silly tarball no local data for @types/stack-utils@https://registry.npmjs.org/@types/stack-utils/-/stack-utils-2.0.3.tgz. Extracting by manifest.
1984 silly tarball no local data for jest-diff@https://registry.npmjs.org/jest-diff/-/jest-diff-30.4.1.tgz. Extracting by manifest.
1985 silly tarball no local data for node-int64@https://registry.npmjs.org/node-int64/-/node-int64-0.4.0.tgz. Extracting by manifest.
1986 silly tarball no local data for normalize-path@https://registry.npmjs.org/normalize-path/-/normalize-path-3.0.0.tgz. Extracting by manifest.
1987 silly tarball no local data for @jest/diff-sequences@https://registry.npmjs.org/@jest/diff-sequences/-/diff-sequences-30.4.0.tgz. Extracting by manifest.
1988 silly tarball no local data for source-map-support@https://registry.npmjs.org/source-map-support/-/source-map-support-0.5.13.tgz. Extracting by manifest.
1989 silly tarball no local data for walker@https://registry.npmjs.org/walker/-/walker-1.0.8.tgz. Extracting by manifest.
1990 silly tarball no local data for detect-newline@https://registry.npmjs.org/detect-newline/-/detect-newline-3.1.0.tgz. Extracting by manifest.
1991 silly tarball no local data for fb-watchman@https://registry.npmjs.org/fb-watchman/-/fb-watchman-2.0.2.tgz. Extracting by manifest.
1992 silly tarball no local data for @jest/expect-utils@https://registry.npmjs.org/@jest/expect-utils/-/expect-utils-30.4.1.tgz. Extracting by manifest.
1993 silly tarball no local data for fsevents@https://registry.npmjs.org/fsevents/-/fsevents-2.3.3.tgz. Extracting by manifest.
1994 silly tarball no local data for bser@https://registry.npmjs.org/bser/-/bser-2.1.1.tgz. Extracting by manifest.
1995 silly tarball no local data for @sinonjs/commons@https://registry.npmjs.org/@sinonjs/commons/-/commons-3.0.1.tgz. Extracting by manifest.
1996 silly tarball no local data for anymatch@https://registry.npmjs.org/anymatch/-/anymatch-3.1.3.tgz. Extracting by manifest.
1997 silly tarball no local data for @sinonjs/fake-timers@https://registry.npmjs.org/@sinonjs/fake-timers/-/fake-timers-15.4.0.tgz. Extracting by manifest.
1998 silly tarball no local data for jest-mock@https://registry.npmjs.org/jest-mock/-/jest-mock-30.4.1.tgz. Extracting by manifest.
1999 silly tarball no local data for expect@https://registry.npmjs.org/expect/-/expect-30.4.1.tgz. Extracting by manifest.
2000 silly tarball no local data for jest-matcher-utils@https://registry.npmjs.org/jest-matcher-utils/-/jest-matcher-utils-30.4.1.tgz. Extracting by manifest.
2001 silly tarball no local data for stack-utils@https://registry.npmjs.org/stack-utils/-/stack-utils-2.0.6.tgz. Extracting by manifest.
2002 silly tarball no local data for jest-each@https://registry.npmjs.org/jest-each/-/jest-each-30.4.1.tgz. Extracting by manifest.
2003 silly tarball no local data for @jest/fake-timers@https://registry.npmjs.org/@jest/fake-timers/-/fake-timers-30.4.1.tgz. Extracting by manifest.
2004 silly tarball no local data for type-detect@https://registry.npmjs.org/type-detect/-/type-detect-4.0.8.tgz. Extracting by manifest.
2005 silly tarball no local data for pure-rand@https://registry.npmjs.org/pure-rand/-/pure-rand-7.0.1.tgz. Extracting by manifest.
2006 silly tarball no local data for is-generator-fn@https://registry.npmjs.org/is-generator-fn/-/is-generator-fn-2.1.0.tgz. Extracting by manifest.
2007 silly tarball no local data for dedent@https://registry.npmjs.org/dedent/-/dedent-1.7.2.tgz. Extracting by manifest.
2008 silly tarball no local data for co@https://registry.npmjs.org/co/-/co-4.6.0.tgz. Extracting by manifest.
2009 silly tarball no local data for @babel/plugin-syntax-top-level-await@https://registry.npmjs.org/@babel/plugin-syntax-top-level-await/-/plugin-syntax-top-level-await-7.14.5.tgz. Extracting by manifest.
2010 silly tarball no local data for @babel/plugin-syntax-optional-chaining@https://registry.npmjs.org/@babel/plugin-syntax-optional-chaining/-/plugin-syntax-optional-chaining-7.8.3.tgz. Extracting by manifest.
2011 silly tarball no local data for @jest/expect@https://registry.npmjs.org/@jest/expect/-/expect-30.4.1.tgz. Extracting by manifest.
2012 silly tarball no local data for @babel/plugin-syntax-private-property-in-object@https://registry.npmjs.org/@babel/plugin-syntax-private-property-in-object/-/plugin-syntax-private-property-in-object-7.14.5.tgz. Extracting by manifest.
2013 silly tarball no local data for @babel/plugin-syntax-object-rest-spread@https://registry.npmjs.org/@babel/plugin-syntax-object-rest-spread/-/plugin-syntax-object-rest-spread-7.8.3.tgz. Extracting by manifest.
2014 silly tarball no local data for @babel/plugin-syntax-optional-catch-binding@https://registry.npmjs.org/@babel/plugin-syntax-optional-catch-binding/-/plugin-syntax-optional-catch-binding-7.8.3.tgz. Extracting by manifest.
2015 silly tarball no local data for @babel/plugin-syntax-numeric-separator@https://registry.npmjs.org/@babel/plugin-syntax-numeric-separator/-/plugin-syntax-numeric-separator-7.10.4.tgz. Extracting by manifest.
2016 silly tarball no local data for @babel/plugin-syntax-nullish-coalescing-operator@https://registry.npmjs.org/@babel/plugin-syntax-nullish-coalescing-operator/-/plugin-syntax-nullish-coalescing-operator-7.8.3.tgz. Extracting by manifest.
2017 silly tarball no local data for @jest/environment@https://registry.npmjs.org/@jest/environment/-/environment-30.4.1.tgz. Extracting by manifest.
2018 silly tarball no local data for @babel/plugin-syntax-logical-assignment-operators@https://registry.npmjs.org/@babel/plugin-syntax-logical-assignment-operators/-/plugin-syntax-logical-assignment-operators-7.10.4.tgz. Extracting by manifest.
2019 silly tarball no local data for @babel/plugin-syntax-class-properties@https://registry.npmjs.org/@babel/plugin-syntax-class-properties/-/plugin-syntax-class-properties-7.12.13.tgz. Extracting by manifest.
2020 silly tarball no local data for @babel/plugin-syntax-class-static-block@https://registry.npmjs.org/@babel/plugin-syntax-class-static-block/-/plugin-syntax-class-static-block-7.14.5.tgz. Extracting by manifest.
2021 silly tarball no local data for @babel/plugin-syntax-async-generators@https://registry.npmjs.org/@babel/plugin-syntax-async-generators/-/plugin-syntax-async-generators-7.8.4.tgz. Extracting by manifest.
2022 silly tarball no local data for @babel/plugin-syntax-import-meta@https://registry.npmjs.org/@babel/plugin-syntax-import-meta/-/plugin-syntax-import-meta-7.10.4.tgz. Extracting by manifest.
2023 silly tarball no local data for @babel/plugin-syntax-bigint@https://registry.npmjs.org/@babel/plugin-syntax-bigint/-/plugin-syntax-bigint-7.8.3.tgz. Extracting by manifest.
2024 silly tarball no local data for @babel/plugin-syntax-import-attributes@https://registry.npmjs.org/@babel/plugin-syntax-import-attributes/-/plugin-syntax-import-attributes-7.29.7.tgz. Extracting by manifest.
2025 silly tarball no local data for @babel/plugin-syntax-json-strings@https://registry.npmjs.org/@babel/plugin-syntax-json-strings/-/plugin-syntax-json-strings-7.8.3.tgz. Extracting by manifest.
2026 silly tarball no local data for babel-plugin-jest-hoist@https://registry.npmjs.org/babel-plugin-jest-hoist/-/babel-plugin-jest-hoist-30.4.0.tgz. Extracting by manifest.
2027 silly tarball no local data for @types/babel__traverse@https://registry.npmjs.org/@types/babel__traverse/-/babel__traverse-7.28.0.tgz. Extracting by manifest.
2028 silly tarball no local data for babel-preset-current-node-syntax@https://registry.npmjs.org/babel-preset-current-node-syntax/-/babel-preset-current-node-syntax-1.2.0.tgz. Extracting by manifest.
2029 silly tarball no local data for @types/babel__core@https://registry.npmjs.org/@types/babel__core/-/babel__core-7.20.5.tgz. Extracting by manifest.
2030 silly tarball no local data for babel-preset-jest@https://registry.npmjs.org/babel-preset-jest/-/babel-preset-jest-30.4.0.tgz. Extracting by manifest.
2031 silly tarball no local data for strip-json-comments@https://registry.npmjs.org/strip-json-comments/-/strip-json-comments-3.1.1.tgz. Extracting by manifest.
2032 silly tarball no local data for @types/babel__generator@https://registry.npmjs.org/@types/babel__generator/-/babel__generator-7.27.0.tgz. Extracting by manifest.
2033 silly tarball no local data for jest-environment-node@https://registry.npmjs.org/jest-environment-node/-/jest-environment-node-30.4.1.tgz. Extracting by manifest.
2034 silly tarball no local data for @types/babel__template@https://registry.npmjs.org/@types/babel__template/-/babel__template-7.4.4.tgz. Extracting by manifest.
2035 silly tarball no local data for deepmerge@https://registry.npmjs.org/deepmerge/-/deepmerge-4.3.1.tgz. Extracting by manifest.
2036 silly tarball no local data for jest-docblock@https://registry.npmjs.org/jest-docblock/-/jest-docblock-30.4.0.tgz. Extracting by manifest.
2037 silly tarball no local data for jest-circus@https://registry.npmjs.org/jest-circus/-/jest-circus-30.4.2.tgz. Extracting by manifest.
2038 silly tarball no local data for babel-jest@https://registry.npmjs.org/babel-jest/-/babel-jest-30.4.1.tgz. Extracting by manifest.
2039 silly tarball no local data for @jest/test-sequencer@https://registry.npmjs.org/@jest/test-sequencer/-/test-sequencer-30.4.1.tgz. Extracting by manifest.
2040 silly tarball no local data for @jest/get-type@https://registry.npmjs.org/@jest/get-type/-/get-type-30.1.0.tgz. Extracting by manifest.
2041 silly tarball no local data for npm-run-path@https://registry.npmjs.org/npm-run-path/-/npm-run-path-4.0.1.tgz. Extracting by manifest.
2042 silly tarball no local data for merge-stream@https://registry.npmjs.org/merge-stream/-/merge-stream-2.0.0.tgz. Extracting by manifest.
2043 silly tarball no local data for is-stream@https://registry.npmjs.org/is-stream/-/is-stream-2.0.1.tgz. Extracting by manifest.
2044 silly tarball no local data for human-signals@https://registry.npmjs.org/human-signals/-/human-signals-2.1.0.tgz. Extracting by manifest.
2045 silly tarball no local data for strip-final-newline@https://registry.npmjs.org/strip-final-newline/-/strip-final-newline-2.0.0.tgz. Extracting by manifest.
2046 silly tarball no local data for execa@https://registry.npmjs.org/execa/-/execa-5.1.1.tgz. Extracting by manifest.
2047 silly tarball no local data for wrap-ansi-cjs@https://registry.npmjs.org/wrap-ansi/-/wrap-ansi-7.0.0.tgz. Extracting by manifest.
2048 silly tarball no local data for get-stream@https://registry.npmjs.org/get-stream/-/get-stream-6.0.1.tgz. Extracting by manifest.
2049 silly tarball no local data for @pkgjs/parseargs@https://registry.npmjs.org/@pkgjs/parseargs/-/parseargs-0.11.0.tgz. Extracting by manifest.
2050 silly tarball no local data for html-escaper@https://registry.npmjs.org/html-escaper/-/html-escaper-2.0.2.tgz. Extracting by manifest.
2051 silly tarball no local data for resolve-cwd@https://registry.npmjs.org/resolve-cwd/-/resolve-cwd-3.0.0.tgz. Extracting by manifest.
2052 silly tarball no local data for strip-ansi-cjs@https://registry.npmjs.org/strip-ansi/-/strip-ansi-6.0.1.tgz. Extracting by manifest.
2053 silly tarball no local data for @isaacs/cliui@https://registry.npmjs.org/@isaacs/cliui/-/cliui-8.0.2.tgz. Extracting by manifest.
2054 silly tarball no local data for make-dir@https://registry.npmjs.org/make-dir/-/make-dir-4.0.0.tgz. Extracting by manifest.
2055 silly tarball no local data for pkg-dir@https://registry.npmjs.org/pkg-dir/-/pkg-dir-4.2.0.tgz. Extracting by manifest.
2056 silly tarball no local data for path-scurry@https://registry.npmjs.org/path-scurry/-/path-scurry-1.11.1.tgz. Extracting by manifest.
2057 silly tarball no local data for string-width-cjs@https://registry.npmjs.org/string-width/-/string-width-4.2.3.tgz. Extracting by manifest.
2058 silly tarball no local data for minipass@https://registry.npmjs.org/minipass/-/minipass-7.1.3.tgz. Extracting by manifest.
2059 silly tarball no local data for jackspeak@https://registry.npmjs.org/jackspeak/-/jackspeak-3.4.3.tgz. Extracting by manifest.
2060 silly tarball no local data for foreground-child@https://registry.npmjs.org/foreground-child/-/foreground-child-3.3.1.tgz. Extracting by manifest.
2061 silly tarball no local data for package-json-from-dist@https://registry.npmjs.org/package-json-from-dist/-/package-json-from-dist-1.0.1.tgz. Extracting by manifest.
2062 silly tarball no local data for update-browserslist-db@https://registry.npmjs.org/update-browserslist-db/-/update-browserslist-db-1.2.3.tgz. Extracting by manifest.
2063 silly tarball no local data for node-releases@https://registry.npmjs.org/node-releases/-/node-releases-2.0.50.tgz. Extracting by manifest.
2064 silly tarball no local data for electron-to-chromium@https://registry.npmjs.org/electron-to-chromium/-/electron-to-chromium-1.5.379.tgz. Extracting by manifest.
2065 silly tarball no local data for caniuse-lite@https://registry.npmjs.org/caniuse-lite/-/caniuse-lite-1.0.30001799.tgz. Extracting by manifest.
2066 silly tarball no local data for baseline-browser-mapping@https://registry.npmjs.org/baseline-browser-mapping/-/baseline-browser-mapping-2.10.40.tgz. Extracting by manifest.
2067 silly tarball no local data for test-exclude@https://registry.npmjs.org/test-exclude/-/test-exclude-6.0.0.tgz. Extracting by manifest.
2068 silly tarball no local data for camelcase@https://registry.npmjs.org/camelcase/-/camelcase-5.3.1.tgz. Extracting by manifest.
2069 silly tarball no local data for get-package-type@https://registry.npmjs.org/get-package-type/-/get-package-type-0.1.0.tgz. Extracting by manifest.
2070 silly tarball no local data for supports-color@https://registry.npmjs.org/supports-color/-/supports-color-7.2.0.tgz. Extracting by manifest.
2071 silly tarball no local data for @istanbuljs/load-nyc-config@https://registry.npmjs.org/@istanbuljs/load-nyc-config/-/load-nyc-config-1.1.0.tgz. Extracting by manifest.
2072 silly tarball no local data for @istanbuljs/schema@https://registry.npmjs.org/@istanbuljs/schema/-/schema-0.1.6.tgz. Extracting by manifest.
2073 silly tarball no local data for @types/yargs-parser@https://registry.npmjs.org/@types/yargs-parser/-/yargs-parser-21.0.3.tgz. Extracting by manifest.
2074 silly tarball no local data for @babel/helper-plugin-utils@https://registry.npmjs.org/@babel/helper-plugin-utils/-/helper-plugin-utils-7.29.7.tgz. Extracting by manifest.
2075 silly tarball no local data for @jridgewell/sourcemap-codec@https://registry.npmjs.org/@jridgewell/sourcemap-codec/-/sourcemap-codec-1.5.5.tgz. Extracting by manifest.
2076 silly tarball no local data for @sinclair/typebox@https://registry.npmjs.org/@sinclair/typebox/-/typebox-0.34.49.tgz. Extracting by manifest.
2077 silly tarball no local data for @types/istanbul-reports@https://registry.npmjs.org/@types/istanbul-reports/-/istanbul-reports-3.0.4.tgz. Extracting by manifest.
2078 silly tarball no local data for @types/istanbul-lib-report@https://registry.npmjs.org/@types/istanbul-lib-report/-/istanbul-lib-report-3.0.3.tgz. Extracting by manifest.
2079 silly tarball no local data for @babel/helper-string-parser@https://registry.npmjs.org/@babel/helper-string-parser/-/helper-string-parser-7.29.7.tgz. Extracting by manifest.
2080 silly tarball no local data for @babel/helper-globals@https://registry.npmjs.org/@babel/helper-globals/-/helper-globals-7.29.7.tgz. Extracting by manifest.
2081 silly tarball no local data for @babel/helper-module-imports@https://registry.npmjs.org/@babel/helper-module-imports/-/helper-module-imports-7.29.7.tgz. Extracting by manifest.
2082 silly tarball no local data for browserslist@https://registry.npmjs.org/browserslist/-/browserslist-4.28.4.tgz. Extracting by manifest.
2083 silly tarball no local data for lru-cache@https://registry.npmjs.org/lru-cache/-/lru-cache-5.1.1.tgz. Extracting by manifest.
2084 silly tarball no local data for @babel/helper-validator-option@https://registry.npmjs.org/@babel/helper-validator-option/-/helper-validator-option-7.29.7.tgz. Extracting by manifest.
2085 silly tarball no local data for @jest/schemas@https://registry.npmjs.org/@jest/schemas/-/schemas-30.4.1.tgz. Extracting by manifest.
2086 silly tarball no local data for @jridgewell/resolve-uri@https://registry.npmjs.org/@jridgewell/resolve-uri/-/resolve-uri-3.1.2.tgz. Extracting by manifest.
2087 silly tarball no local data for jsesc@https://registry.npmjs.org/jsesc/-/jsesc-3.1.0.tgz. Extracting by manifest.
2088 silly tarball no local data for @babel/compat-data@https://registry.npmjs.org/@babel/compat-data/-/compat-data-7.29.7.tgz. Extracting by manifest.
2089 silly tarball no local data for @jridgewell/gen-mapping@https://registry.npmjs.org/@jridgewell/gen-mapping/-/gen-mapping-0.3.13.tgz. Extracting by manifest.
2090 silly tarball no local data for @types/yargs@https://registry.npmjs.org/@types/yargs/-/yargs-17.0.35.tgz. Extracting by manifest.
2091 silly tarball no local data for gensync@https://registry.npmjs.org/gensync/-/gensync-1.0.0-beta.2.tgz. Extracting by manifest.
2092 silly tarball no local data for @babel/types@https://registry.npmjs.org/@babel/types/-/types-7.29.7.tgz. Extracting by manifest.
2093 silly tarball no local data for @jridgewell/remapping@https://registry.npmjs.org/@jridgewell/remapping/-/remapping-2.3.5.tgz. Extracting by manifest.
2094 silly tarball no local data for @babel/template@https://registry.npmjs.org/@babel/template/-/template-7.29.7.tgz. Extracting by manifest.
2095 silly tarball no local data for @babel/parser@https://registry.npmjs.org/@babel/parser/-/parser-7.29.7.tgz. Extracting by manifest.
2096 silly tarball no local data for @babel/traverse@https://registry.npmjs.org/@babel/traverse/-/traverse-7.29.7.tgz. Extracting by manifest.
2097 silly tarball no local data for @babel/helpers@https://registry.npmjs.org/@babel/helpers/-/helpers-7.29.7.tgz. Extracting by manifest.
2098 silly tarball no local data for @babel/helper-compilation-targets@https://registry.npmjs.org/@babel/helper-compilation-targets/-/helper-compilation-targets-7.29.7.tgz. Extracting by manifest.
2099 silly tarball no local data for @babel/helper-module-transforms@https://registry.npmjs.org/@babel/helper-module-transforms/-/helper-module-transforms-7.29.7.tgz. Extracting by manifest.
2100 silly tarball no local data for @babel/generator@https://registry.npmjs.org/@babel/generator/-/generator-7.29.7.tgz. Extracting by manifest.
2101 silly tarball no local data for write-file-atomic@https://registry.npmjs.org/write-file-atomic/-/write-file-atomic-5.0.1.tgz. Extracting by manifest.
2102 silly tarball no local data for convert-source-map@https://registry.npmjs.org/convert-source-map/-/convert-source-map-2.0.0.tgz. Extracting by manifest.
2103 silly tarball no local data for @babel/core@https://registry.npmjs.org/@babel/core/-/core-7.29.7.tgz. Extracting by manifest.
2104 silly tarball no local data for @types/istanbul-lib-coverage@https://registry.npmjs.org/@types/istanbul-lib-coverage/-/istanbul-lib-coverage-2.0.6.tgz. Extracting by manifest.
2105 silly tarball no local data for babel-plugin-istanbul@https://registry.npmjs.org/babel-plugin-istanbul/-/babel-plugin-istanbul-7.0.1.tgz. Extracting by manifest.
2106 silly tarball no local data for v8-to-istanbul@https://registry.npmjs.org/v8-to-istanbul/-/v8-to-istanbul-9.3.0.tgz. Extracting by manifest.
2107 silly tarball no local data for string-length@https://registry.npmjs.org/string-length/-/string-length-4.0.2.tgz. Extracting by manifest.
2108 silly tarball no local data for pirates@https://registry.npmjs.org/pirates/-/pirates-4.0.7.tgz. Extracting by manifest.
2109 silly tarball no local data for jest-worker@https://registry.npmjs.org/jest-worker/-/jest-worker-30.4.1.tgz. Extracting by manifest.
2110 silly tarball no local data for json5@https://registry.npmjs.org/json5/-/json5-2.2.3.tgz. Extracting by manifest.
2111 silly tarball no local data for istanbul-reports@https://registry.npmjs.org/istanbul-reports/-/istanbul-reports-3.2.0.tgz. Extracting by manifest.
2112 silly tarball no local data for istanbul-lib-source-maps@https://registry.npmjs.org/istanbul-lib-source-maps/-/istanbul-lib-source-maps-5.0.6.tgz. Extracting by manifest.
2113 silly tarball no local data for istanbul-lib-report@https://registry.npmjs.org/istanbul-lib-report/-/istanbul-lib-report-3.0.1.tgz. Extracting by manifest.
2114 silly tarball no local data for istanbul-lib-instrument@https://registry.npmjs.org/istanbul-lib-instrument/-/istanbul-lib-instrument-6.0.3.tgz. Extracting by manifest.
2115 silly tarball no local data for istanbul-lib-coverage@https://registry.npmjs.org/istanbul-lib-coverage/-/istanbul-lib-coverage-3.2.2.tgz. Extracting by manifest.
2116 silly tarball no local data for @bcoe/v8-coverage@https://registry.npmjs.org/@bcoe/v8-coverage/-/v8-coverage-0.2.3.tgz. Extracting by manifest.
2117 silly tarball no local data for collect-v8-coverage@https://registry.npmjs.org/collect-v8-coverage/-/collect-v8-coverage-1.0.3.tgz. Extracting by manifest.
2118 silly tarball no local data for @jridgewell/trace-mapping@https://registry.npmjs.org/@jridgewell/trace-mapping/-/trace-mapping-0.3.31.tgz. Extracting by manifest.
2119 silly tarball no local data for pretty-format@https://registry.npmjs.org/pretty-format/-/pretty-format-30.4.1.tgz. Extracting by manifest.
2120 silly tarball no local data for jest-watcher@https://registry.npmjs.org/jest-watcher/-/jest-watcher-30.4.1.tgz. Extracting by manifest.
2121 silly tarball no local data for slash@https://registry.npmjs.org/slash/-/slash-3.0.0.tgz. Extracting by manifest.
2122 silly tarball no local data for jest-validate@https://registry.npmjs.org/jest-validate/-/jest-validate-30.4.1.tgz. Extracting by manifest.
2123 silly tarball no local data for jest-util@https://registry.npmjs.org/jest-util/-/jest-util-30.4.1.tgz. Extracting by manifest.
2124 silly tarball no local data for jest-snapshot@https://registry.npmjs.org/jest-snapshot/-/jest-snapshot-30.4.1.tgz. Extracting by manifest.
2125 silly tarball no local data for jest-runtime@https://registry.npmjs.org/jest-runtime/-/jest-runtime-30.4.2.tgz. Extracting by manifest.
2126 silly tarball no local data for jest-runner@https://registry.npmjs.org/jest-runner/-/jest-runner-30.4.2.tgz. Extracting by manifest.
2127 silly tarball no local data for glob@https://registry.npmjs.org/glob/-/glob-10.5.0.tgz. Extracting by manifest.
2128 silly tarball no local data for jest-resolve-dependencies@https://registry.npmjs.org/jest-resolve-dependencies/-/jest-resolve-dependencies-30.4.2.tgz. Extracting by manifest.
2129 silly tarball no local data for jest-regex-util@https://registry.npmjs.org/jest-regex-util/-/jest-regex-util-30.4.0.tgz. Extracting by manifest.
2130 silly tarball no local data for jest-resolve@https://registry.npmjs.org/jest-resolve/-/jest-resolve-30.4.1.tgz. Extracting by manifest.
2131 silly tarball no local data for jest-haste-map@https://registry.npmjs.org/jest-haste-map/-/jest-haste-map-30.4.1.tgz. Extracting by manifest.
2132 silly tarball no local data for jest-message-util@https://registry.npmjs.org/jest-message-util/-/jest-message-util-30.4.1.tgz. Extracting by manifest.
2133 silly tarball no local data for jest-config@https://registry.npmjs.org/jest-config/-/jest-config-30.4.2.tgz. Extracting by manifest.
2134 silly tarball no local data for graceful-fs@https://registry.npmjs.org/graceful-fs/-/graceful-fs-4.2.11.tgz. Extracting by manifest.
2135 silly tarball no local data for jest-changed-files@https://registry.npmjs.org/jest-changed-files/-/jest-changed-files-30.4.1.tgz. Extracting by manifest.
2136 silly tarball no local data for exit-x@https://registry.npmjs.org/exit-x/-/exit-x-0.2.2.tgz. Extracting by manifest.
2137 silly tarball no local data for chalk@https://registry.npmjs.org/chalk/-/chalk-4.1.2.tgz. Extracting by manifest.
2138 silly tarball no local data for ci-info@https://registry.npmjs.org/ci-info/-/ci-info-4.4.0.tgz. Extracting by manifest.
2139 silly tarball no local data for @jest/test-result@https://registry.npmjs.org/@jest/test-result/-/test-result-30.4.1.tgz. Extracting by manifest.
2140 silly tarball no local data for @jest/transform@https://registry.npmjs.org/@jest/transform/-/transform-30.4.1.tgz. Extracting by manifest.
2141 silly tarball no local data for @jest/reporters@https://registry.npmjs.org/@jest/reporters/-/reporters-30.4.1.tgz. Extracting by manifest.
2142 silly tarball no local data for @jest/pattern@https://registry.npmjs.org/@jest/pattern/-/pattern-30.4.0.tgz. Extracting by manifest.
2143 silly tarball no local data for import-local@https://registry.npmjs.org/import-local/-/import-local-3.2.0.tgz. Extracting by manifest.
2144 silly tarball no local data for jest-cli@https://registry.npmjs.org/jest-cli/-/jest-cli-30.4.2.tgz. Extracting by manifest.
2145 silly tarball no local data for @jest/types@https://registry.npmjs.org/@jest/types/-/types-30.4.1.tgz. Extracting by manifest.
2146 silly tarball no local data for @jest/console@https://registry.npmjs.org/@jest/console/-/console-30.4.1.tgz. Extracting by manifest.
2147 silly tarball no local data for jest@https://registry.npmjs.org/jest/-/jest-30.4.2.tgz. Extracting by manifest.
2148 silly tarball no local data for mime-db@https://registry.npmjs.org/mime-db/-/mime-db-1.52.0.tgz. Extracting by manifest.
2149 silly tarball no local data for mime-types@https://registry.npmjs.org/mime-types/-/mime-types-2.1.35.tgz. Extracting by manifest.
2150 silly tarball no local data for @jest/core@https://registry.npmjs.org/@jest/core/-/core-30.4.2.tgz. Extracting by manifest.
2151 silly tarball no local data for picomatch@https://registry.npmjs.org/picomatch/-/picomatch-2.3.2.tgz. Extracting by manifest.
2152 silly tarball no local data for ansi-regex@https://registry.npmjs.org/ansi-regex/-/ansi-regex-5.0.1.tgz. Extracting by manifest.
2153 silly tarball no local data for escape-string-regexp@https://registry.npmjs.org/escape-string-regexp/-/escape-string-regexp-2.0.0.tgz. Extracting by manifest.
2154 silly tarball no local data for onetime@https://registry.npmjs.org/onetime/-/onetime-5.1.2.tgz. Extracting by manifest.
2155 silly tarball no local data for signal-exit@https://registry.npmjs.org/signal-exit/-/signal-exit-3.0.7.tgz. Extracting by manifest.
2156 silly tarball no local data for supertest@https://registry.npmjs.org/supertest/-/supertest-7.2.2.tgz. Extracting by manifest.
2157 silly tarball no local data for is-fullwidth-code-point@https://registry.npmjs.org/is-fullwidth-code-point/-/is-fullwidth-code-point-3.0.0.tgz. Extracting by manifest.
2158 silly tarball no local data for string-width@https://registry.npmjs.org/string-width/-/string-width-4.2.3.tgz. Extracting by manifest.
2159 silly tarball no local data for emoji-regex@https://registry.npmjs.org/emoji-regex/-/emoji-regex-8.0.0.tgz. Extracting by manifest.
2160 silly tarball no local data for ansi-styles@https://registry.npmjs.org/ansi-styles/-/ansi-styles-4.3.0.tgz. Extracting by manifest.
2161 silly tarball no local data for ansi-regex@https://registry.npmjs.org/ansi-regex/-/ansi-regex-5.0.1.tgz. Extracting by manifest.
2162 silly tarball no local data for strip-ansi@https://registry.npmjs.org/strip-ansi/-/strip-ansi-6.0.1.tgz. Extracting by manifest.
2163 silly tarball no local data for is-fullwidth-code-point@https://registry.npmjs.org/is-fullwidth-code-point/-/is-fullwidth-code-point-3.0.0.tgz. Extracting by manifest.
2164 silly tarball no local data for wrap-ansi@https://registry.npmjs.org/wrap-ansi/-/wrap-ansi-8.1.0.tgz. Extracting by manifest.
2165 silly tarball no local data for emoji-regex@https://registry.npmjs.org/emoji-regex/-/emoji-regex-9.2.2.tgz. Extracting by manifest.
2166 silly tarball no local data for strip-ansi@https://registry.npmjs.org/strip-ansi/-/strip-ansi-6.0.1.tgz. Extracting by manifest.
2167 silly tarball no local data for ansi-regex@https://registry.npmjs.org/ansi-regex/-/ansi-regex-5.0.1.tgz. Extracting by manifest.
2168 silly tarball no local data for string-width@https://registry.npmjs.org/string-width/-/string-width-5.1.2.tgz. Extracting by manifest.
2169 silly tarball no local data for p-locate@https://registry.npmjs.org/p-locate/-/p-locate-4.1.0.tgz. Extracting by manifest.
2170 silly tarball no local data for p-limit@https://registry.npmjs.org/p-limit/-/p-limit-2.3.0.tgz. Extracting by manifest.
2171 silly tarball no local data for find-up@https://registry.npmjs.org/find-up/-/find-up-4.1.0.tgz. Extracting by manifest.
2172 silly tarball no local data for lru-cache@https://registry.npmjs.org/lru-cache/-/lru-cache-10.4.3.tgz. Extracting by manifest.
2173 silly tarball no local data for locate-path@https://registry.npmjs.org/locate-path/-/locate-path-5.0.0.tgz. Extracting by manifest.
2174 silly tarball no local data for balanced-match@https://registry.npmjs.org/balanced-match/-/balanced-match-1.0.2.tgz. Extracting by manifest.
2175 silly tarball no local data for minimatch@https://registry.npmjs.org/minimatch/-/minimatch-3.1.5.tgz. Extracting by manifest.
2176 silly tarball no local data for emoji-regex@https://registry.npmjs.org/emoji-regex/-/emoji-regex-8.0.0.tgz. Extracting by manifest.
2177 silly tarball no local data for glob@https://registry.npmjs.org/glob/-/glob-7.2.3.tgz. Extracting by manifest.
2178 silly tarball no local data for p-limit@https://registry.npmjs.org/p-limit/-/p-limit-2.3.0.tgz. Extracting by manifest.
2179 silly tarball no local data for brace-expansion@https://registry.npmjs.org/brace-expansion/-/brace-expansion-1.1.15.tgz. Extracting by manifest.
2180 silly tarball no local data for argparse@https://registry.npmjs.org/argparse/-/argparse-1.0.10.tgz. Extracting by manifest.
2181 silly tarball no local data for js-yaml@https://registry.npmjs.org/js-yaml/-/js-yaml-3.14.2.tgz. Extracting by manifest.
2182 silly tarball no local data for semver@https://registry.npmjs.org/semver/-/semver-6.3.1.tgz. Extracting by manifest.
2183 silly tarball no local data for p-locate@https://registry.npmjs.org/p-locate/-/p-locate-4.1.0.tgz. Extracting by manifest.
2184 silly tarball no local data for find-up@https://registry.npmjs.org/find-up/-/find-up-4.1.0.tgz. Extracting by manifest.
2185 silly tarball no local data for locate-path@https://registry.npmjs.org/locate-path/-/locate-path-5.0.0.tgz. Extracting by manifest.
2186 silly tarball no local data for semver@https://registry.npmjs.org/semver/-/semver-6.3.1.tgz. Extracting by manifest.
2187 silly tarball no local data for ansi-regex@https://registry.npmjs.org/ansi-regex/-/ansi-regex-5.0.1.tgz. Extracting by manifest.
2188 silly tarball no local data for balanced-match@https://registry.npmjs.org/balanced-match/-/balanced-match-1.0.2.tgz. Extracting by manifest.
2189 silly tarball no local data for ansi-styles@https://registry.npmjs.org/ansi-styles/-/ansi-styles-5.2.0.tgz. Extracting by manifest.
2190 silly tarball no local data for brace-expansion@https://registry.npmjs.org/brace-expansion/-/brace-expansion-2.1.1.tgz. Extracting by manifest.
2191 silly tarball no local data for minimatch@https://registry.npmjs.org/minimatch/-/minimatch-9.0.9.tgz. Extracting by manifest.
2192 silly tarball no local data for strip-ansi@https://registry.npmjs.org/strip-ansi/-/strip-ansi-6.0.1.tgz. Extracting by manifest.
2193 silly tarball no local data for camelcase@https://registry.npmjs.org/camelcase/-/camelcase-6.3.0.tgz. Extracting by manifest.
2194 silly tarball no local data for ansi-escapes@https://registry.npmjs.org/ansi-escapes/-/ansi-escapes-4.3.2.tgz. Extracting by manifest.
2195 silly tarball no local data for ansi-styles@https://registry.npmjs.org/ansi-styles/-/ansi-styles-4.3.0.tgz. Extracting by manifest.
2196 silly tarball no local data for ansi-styles@https://registry.npmjs.org/ansi-styles/-/ansi-styles-4.3.0.tgz. Extracting by manifest.
2197 silly tarball no local data for ansi-regex@https://registry.npmjs.org/ansi-regex/-/ansi-regex-5.0.1.tgz. Extracting by manifest.
2198 silly tarball no local data for wrap-ansi@https://registry.npmjs.org/wrap-ansi/-/wrap-ansi-7.0.0.tgz. Extracting by manifest.
2199 silly tarball no local data for is-fullwidth-code-point@https://registry.npmjs.org/is-fullwidth-code-point/-/is-fullwidth-code-point-3.0.0.tgz. Extracting by manifest.
2200 silly tarball no local data for emoji-regex@https://registry.npmjs.org/emoji-regex/-/emoji-regex-8.0.0.tgz. Extracting by manifest.
2201 silly tarball no local data for string-width@https://registry.npmjs.org/string-width/-/string-width-4.2.3.tgz. Extracting by manifest.
2202 silly tarball no local data for supports-color@https://registry.npmjs.org/supports-color/-/supports-color-8.1.1.tgz. Extracting by manifest.
2203 silly tarball no local data for strip-ansi@https://registry.npmjs.org/strip-ansi/-/strip-ansi-6.0.1.tgz. Extracting by manifest.
2204 silly tarball no local data for yargs-parser@https://registry.npmjs.org/yargs-parser/-/yargs-parser-21.1.1.tgz. Extracting by manifest.
2205 silly tarball no local data for yargs@https://registry.npmjs.org/yargs/-/yargs-17.7.3.tgz. Extracting by manifest.
2206 silly tarball no local data for ansi-escapes@https://registry.npmjs.org/ansi-escapes/-/ansi-escapes-4.3.2.tgz. Extracting by manifest.
2207 silly tarball no local data for cliui@https://registry.npmjs.org/cliui/-/cliui-8.0.1.tgz. Extracting by manifest.
2208 http fetch GET 200 https://registry.npmjs.org/concat-map/-/concat-map-0.0.1.tgz 245ms (cache miss)
2209 http fetch GET 200 https://registry.npmjs.org/color-name/-/color-name-1.1.4.tgz 242ms (cache miss)
2210 http fetch GET 200 https://registry.npmjs.org/path-is-absolute/-/path-is-absolute-1.0.1.tgz 243ms (cache miss)
2211 http fetch GET 200 https://registry.npmjs.org/inflight/-/inflight-1.0.6.tgz 245ms (cache miss)
2212 warn deprecated inflight@1.0.6: This module is not supported, and leaks memory. Do not use it. Check out lru-cache if you want a good and tested way to coalesce async requests by a key value, which is much more comprehensive and powerful.
2213 http fetch GET 200 https://registry.npmjs.org/fs.realpath/-/fs.realpath-1.0.0.tgz 292ms (cache miss)
2214 http fetch GET 200 https://registry.npmjs.org/color-convert/-/color-convert-2.0.1.tgz 314ms (cache miss)
2215 http fetch GET 200 https://registry.npmjs.org/tslib/-/tslib-2.8.1.tgz 311ms (cache miss)
2216 http fetch GET 200 https://registry.npmjs.org/require-directory/-/require-directory-2.1.1.tgz 332ms (cache miss)
2217 http fetch GET 200 https://registry.npmjs.org/sprintf-js/-/sprintf-js-1.0.3.tgz 378ms (cache miss)
2218 http fetch GET 200 https://registry.npmjs.org/makeerror/-/makeerror-1.0.12.tgz 433ms (cache miss)
2219 http fetch GET 200 https://registry.npmjs.org/mimic-fn/-/mimic-fn-2.1.0.tgz 437ms (cache miss)
2220 http fetch GET 200 https://registry.npmjs.org/has-flag/-/has-flag-4.0.0.tgz 453ms (cache miss)
2221 http fetch GET 200 https://registry.npmjs.org/@emnapi/runtime/-/runtime-1.10.0.tgz 460ms (cache miss)
2222 http fetch GET 200 https://registry.npmjs.org/tmpl/-/tmpl-1.0.5.tgz 498ms (cache miss)
2223 http fetch GET 200 https://registry.npmjs.org/eastasianwidth/-/eastasianwidth-0.2.0.tgz 514ms (cache miss)
2224 http fetch GET 200 https://registry.npmjs.org/type-fest/-/type-fest-0.21.3.tgz 539ms (cache miss)
2225 http fetch GET 200 https://registry.npmjs.org/@emnapi/wasi-threads/-/wasi-threads-1.2.1.tgz 561ms (cache miss)
2226 http fetch GET 200 https://registry.npmjs.org/@tybys/wasm-util/-/wasm-util-0.10.3.tgz 566ms (cache miss)
2227 http fetch GET 200 https://registry.npmjs.org/esprima/-/esprima-4.0.1.tgz 580ms (cache miss)
2228 http fetch GET 200 https://registry.npmjs.org/delayed-stream/-/delayed-stream-1.0.0.tgz 574ms (cache miss)
2229 http fetch GET 200 https://registry.npmjs.org/asap/-/asap-2.0.6.tgz 576ms (cache miss)
2230 http fetch GET 200 https://registry.npmjs.org/@paralleldrive/cuid2/-/cuid2-2.3.1.tgz 606ms (cache miss)
2231 http fetch GET 200 https://registry.npmjs.org/combined-stream/-/combined-stream-1.0.8.tgz 607ms (cache miss)
2232 http fetch GET 200 https://registry.npmjs.org/has-tostringtag/-/has-tostringtag-1.0.2.tgz 614ms (cache miss)
2233 http fetch GET 200 https://registry.npmjs.org/dezalgo/-/dezalgo-1.0.4.tgz 660ms (cache miss)
2234 http fetch GET 200 https://registry.npmjs.org/@pkgr/core/-/core-0.3.6.tgz 668ms (cache miss)
2235 http fetch GET 200 https://registry.npmjs.org/napi-postinstall/-/napi-postinstall-0.3.4.tgz 682ms (cache miss)
2236 http fetch GET 200 https://registry.npmjs.org/es-set-tostringtag/-/es-set-tostringtag-2.1.0.tgz 687ms (cache miss)
2237 http fetch GET 200 https://registry.npmjs.org/mime/-/mime-2.6.0.tgz 724ms (cache miss)
2238 http fetch GET 200 https://registry.npmjs.org/p-try/-/p-try-2.2.0.tgz 826ms (cache miss)
2239 http fetch GET 200 https://registry.npmjs.org/char-regex/-/char-regex-1.0.2.tgz 865ms (cache miss)
2240 http fetch GET 200 https://registry.npmjs.org/cookiejar/-/cookiejar-2.1.4.tgz 882ms (cache miss)
2241 http fetch GET 200 https://registry.npmjs.org/buffer-from/-/buffer-from-1.1.2.tgz 891ms (cache miss)
2242 http fetch GET 200 https://registry.npmjs.org/react-is/-/react-is-18.3.1.tgz 896ms (cache miss)
2243 http fetch GET 200 https://registry.npmjs.org/form-data/-/form-data-4.0.6.tgz 933ms (cache miss)
2244 http fetch GET 200 https://registry.npmjs.org/leven/-/leven-3.1.0.tgz 1006ms (cache miss)
2245 http fetch GET 200 https://registry.npmjs.org/yallist/-/yallist-3.1.1.tgz 1069ms (cache miss)
2246 http fetch GET 200 https://registry.npmjs.org/formidable/-/formidable-3.5.4.tgz 1087ms (cache miss)
2247 http fetch GET 200 https://registry.npmjs.org/fast-safe-stringify/-/fast-safe-stringify-2.1.1.tgz 1095ms (cache miss)
2248 http fetch GET 200 https://registry.npmjs.org/methods/-/methods-1.1.2.tgz 1095ms (cache miss)
2249 http fetch GET 200 https://registry.npmjs.org/react-is/-/react-is-19.2.7.tgz 1099ms (cache miss)
2250 http fetch GET 200 https://registry.npmjs.org/asynckit/-/asynckit-0.4.0.tgz 1104ms (cache miss)
2251 http fetch GET 200 https://registry.npmjs.org/jest-leak-detector/-/jest-leak-detector-30.4.1.tgz 1112ms (cache miss)
2252 http fetch GET 200 https://registry.npmjs.org/component-emitter/-/component-emitter-1.3.1.tgz 1167ms (cache miss)
2253 http fetch GET 200 https://registry.npmjs.org/unrs-resolver/-/unrs-resolver-1.12.2.tgz 1164ms (cache miss)
2254 http fetch GET 200 https://registry.npmjs.org/strip-bom/-/strip-bom-4.0.0.tgz 1171ms (cache miss)
2255 http fetch GET 200 https://registry.npmjs.org/jest-pnp-resolver/-/jest-pnp-resolver-1.2.3.tgz 1180ms (cache miss)
2256 http fetch GET 200 https://registry.npmjs.org/@babel/plugin-syntax-jsx/-/plugin-syntax-jsx-7.29.7.tgz 1184ms (cache miss)
2257 http fetch GET 200 https://registry.npmjs.org/@jest/source-map/-/source-map-30.0.1.tgz 1185ms (cache miss)
2258 http fetch GET 200 https://registry.npmjs.org/@jest/snapshot-utils/-/snapshot-utils-30.4.1.tgz 1188ms (cache miss)
2259 http fetch GET 200 https://registry.npmjs.org/@jest/globals/-/globals-30.4.1.tgz 1197ms (cache miss)
2260 http fetch GET 200 https://registry.npmjs.org/emittery/-/emittery-0.13.1.tgz 1202ms (cache miss)
2261 http fetch GET 200 https://registry.npmjs.org/jest-diff/-/jest-diff-30.4.1.tgz 1215ms (cache miss)
2262 http fetch GET 200 https://registry.npmjs.org/normalize-path/-/normalize-path-3.0.0.tgz 1220ms (cache miss)
2263 http fetch GET 200 https://registry.npmjs.org/detect-newline/-/detect-newline-3.1.0.tgz 1232ms (cache miss)
2264 http fetch GET 200 https://registry.npmjs.org/@ungap/structured-clone/-/structured-clone-1.3.2.tgz 1238ms (cache miss)
2265 http fetch GET 200 https://registry.npmjs.org/@types/stack-utils/-/stack-utils-2.0.3.tgz 1237ms (cache miss)
2266 http fetch GET 200 https://registry.npmjs.org/source-map-support/-/source-map-support-0.5.13.tgz 1239ms (cache miss)
2267 http fetch GET 200 https://registry.npmjs.org/cjs-module-lexer/-/cjs-module-lexer-2.2.0.tgz 1249ms (cache miss)
2268 http fetch GET 200 https://registry.npmjs.org/node-int64/-/node-int64-0.4.0.tgz 1250ms (cache miss)
2269 http fetch GET 200 https://registry.npmjs.org/fb-watchman/-/fb-watchman-2.0.2.tgz 1251ms (cache miss)
2270 http fetch GET 200 https://registry.npmjs.org/fsevents/-/fsevents-2.3.3.tgz 1265ms (cache miss)
2271 http fetch GET 200 https://registry.npmjs.org/anymatch/-/anymatch-3.1.3.tgz 1266ms (cache miss)
2272 http fetch GET 200 https://registry.npmjs.org/synckit/-/synckit-0.11.13.tgz 1276ms (cache miss)
2273 http fetch GET 200 https://registry.npmjs.org/@jest/diff-sequences/-/diff-sequences-30.4.0.tgz 1281ms (cache miss)
2274 http fetch GET 200 https://registry.npmjs.org/jest-mock/-/jest-mock-30.4.1.tgz 1287ms (cache miss)
2275 http fetch GET 200 https://registry.npmjs.org/jest-matcher-utils/-/jest-matcher-utils-30.4.1.tgz 1300ms (cache miss)
2276 http fetch GET 200 https://registry.npmjs.org/source-map/-/source-map-0.6.1.tgz 1316ms (cache miss)
2277 http fetch GET 200 https://registry.npmjs.org/superagent/-/superagent-10.3.0.tgz 1330ms (cache miss)
2278 http fetch GET 200 https://registry.npmjs.org/expect/-/expect-30.4.1.tgz 1326ms (cache miss)
2279 http fetch GET 200 https://registry.npmjs.org/walker/-/walker-1.0.8.tgz 1328ms (cache miss)
2280 http fetch GET 200 https://registry.npmjs.org/jest-each/-/jest-each-30.4.1.tgz 1327ms (cache miss)
2281 http fetch GET 200 https://registry.npmjs.org/@babel/plugin-syntax-typescript/-/plugin-syntax-typescript-7.29.7.tgz 1334ms (cache miss)
2282 http fetch GET 200 https://registry.npmjs.org/@jest/expect-utils/-/expect-utils-30.4.1.tgz 1338ms (cache miss)
2283 http fetch GET 200 https://registry.npmjs.org/is-generator-fn/-/is-generator-fn-2.1.0.tgz 1347ms (cache miss)
2284 http fetch GET 200 https://registry.npmjs.org/type-detect/-/type-detect-4.0.8.tgz 1354ms (cache miss)
2285 http fetch GET 200 https://registry.npmjs.org/co/-/co-4.6.0.tgz 1364ms (cache miss)
2286 http fetch GET 200 https://registry.npmjs.org/@sinonjs/fake-timers/-/fake-timers-15.4.0.tgz 1367ms (cache miss)
2287 http fetch GET 200 https://registry.npmjs.org/stack-utils/-/stack-utils-2.0.6.tgz 1369ms (cache miss)
2288 http fetch GET 200 https://registry.npmjs.org/@babel/plugin-syntax-object-rest-spread/-/plugin-syntax-object-rest-spread-7.8.3.tgz 1375ms (cache miss)
2289 http fetch GET 200 https://registry.npmjs.org/@sinonjs/commons/-/commons-3.0.1.tgz 1380ms (cache miss)
2290 http fetch GET 200 https://registry.npmjs.org/pure-rand/-/pure-rand-7.0.1.tgz 1403ms (cache miss)
2291 http fetch GET 200 https://registry.npmjs.org/@babel/plugin-syntax-nullish-coalescing-operator/-/plugin-syntax-nullish-coalescing-operator-7.8.3.tgz 1411ms (cache miss)
2292 http fetch GET 200 https://registry.npmjs.org/@noble/hashes/-/hashes-1.8.0.tgz 1434ms (cache miss)
2293 http fetch GET 200 https://registry.npmjs.org/@napi-rs/wasm-runtime/-/wasm-runtime-1.1.6.tgz 1437ms (cache miss)
2294 http fetch GET 200 https://registry.npmjs.org/@babel/plugin-syntax-top-level-await/-/plugin-syntax-top-level-await-7.14.5.tgz 1426ms (cache miss)
2295 http fetch GET 200 https://registry.npmjs.org/@babel/plugin-syntax-optional-chaining/-/plugin-syntax-optional-chaining-7.8.3.tgz 1444ms (cache miss)
2296 http fetch GET 200 https://registry.npmjs.org/@jest/fake-timers/-/fake-timers-30.4.1.tgz 1450ms (cache miss)
2297 http fetch GET 200 https://registry.npmjs.org/@babel/plugin-syntax-private-property-in-object/-/plugin-syntax-private-property-in-object-7.14.5.tgz 1448ms (cache miss)
2298 http fetch GET 200 https://registry.npmjs.org/bser/-/bser-2.1.1.tgz 1456ms (cache miss)
2299 http fetch GET 200 https://registry.npmjs.org/@jest/expect/-/expect-30.4.1.tgz 1467ms (cache miss)
2300 http fetch GET 200 https://registry.npmjs.org/dedent/-/dedent-1.7.2.tgz 1469ms (cache miss)
2301 http fetch GET 200 https://registry.npmjs.org/@babel/plugin-syntax-logical-assignment-operators/-/plugin-syntax-logical-assignment-operators-7.10.4.tgz 1472ms (cache miss)
2302 http fetch GET 200 https://registry.npmjs.org/@babel/plugin-syntax-async-generators/-/plugin-syntax-async-generators-7.8.4.tgz 1471ms (cache miss)
2303 http fetch GET 200 https://registry.npmjs.org/@babel/plugin-syntax-optional-catch-binding/-/plugin-syntax-optional-catch-binding-7.8.3.tgz 1497ms (cache miss)
2304 http fetch GET 200 https://registry.npmjs.org/@babel/plugin-syntax-numeric-separator/-/plugin-syntax-numeric-separator-7.10.4.tgz 1528ms (cache miss)
2305 http fetch GET 200 https://registry.npmjs.org/@types/babel__core/-/babel__core-7.20.5.tgz 1526ms (cache miss)
2306 http fetch GET 200 https://registry.npmjs.org/@babel/plugin-syntax-class-properties/-/plugin-syntax-class-properties-7.12.13.tgz 1532ms (cache miss)
2307 http fetch GET 200 https://registry.npmjs.org/@babel/plugin-syntax-import-meta/-/plugin-syntax-import-meta-7.10.4.tgz 1531ms (cache miss)
2308 http fetch GET 200 https://registry.npmjs.org/@babel/plugin-syntax-import-attributes/-/plugin-syntax-import-attributes-7.29.7.tgz 1554ms (cache miss)
2309 http fetch GET 200 https://registry.npmjs.org/strip-json-comments/-/strip-json-comments-3.1.1.tgz 1576ms (cache miss)
2310 http fetch GET 200 https://registry.npmjs.org/babel-plugin-jest-hoist/-/babel-plugin-jest-hoist-30.4.0.tgz 1579ms (cache miss)
2311 http fetch GET 200 https://registry.npmjs.org/babel-preset-jest/-/babel-preset-jest-30.4.0.tgz 1604ms (cache miss)
2312 http fetch GET 200 https://registry.npmjs.org/babel-preset-current-node-syntax/-/babel-preset-current-node-syntax-1.2.0.tgz 1604ms (cache miss)
2313 http fetch GET 200 https://registry.npmjs.org/@babel/plugin-syntax-class-static-block/-/plugin-syntax-class-static-block-7.14.5.tgz 1606ms (cache miss)
2314 http fetch GET 200 https://registry.npmjs.org/jest-environment-node/-/jest-environment-node-30.4.1.tgz 1604ms (cache miss)
2315 http fetch GET 200 https://registry.npmjs.org/@jest/environment/-/environment-30.4.1.tgz 1608ms (cache miss)
2316 http fetch GET 200 https://registry.npmjs.org/deepmerge/-/deepmerge-4.3.1.tgz 1605ms (cache miss)
2317 http fetch GET 200 https://registry.npmjs.org/jest-docblock/-/jest-docblock-30.4.0.tgz 1629ms (cache miss)
2318 http fetch GET 200 https://registry.npmjs.org/jest-circus/-/jest-circus-30.4.2.tgz 1632ms (cache miss)
2319 http fetch GET 200 https://registry.npmjs.org/@types/babel__template/-/babel__template-7.4.4.tgz 1644ms (cache miss)
2320 http fetch GET 200 https://registry.npmjs.org/npm-run-path/-/npm-run-path-4.0.1.tgz 1654ms (cache miss)
2321 http fetch GET 200 https://registry.npmjs.org/merge-stream/-/merge-stream-2.0.0.tgz 1659ms (cache miss)
2322 http fetch GET 200 https://registry.npmjs.org/is-stream/-/is-stream-2.0.1.tgz 1667ms (cache miss)
2323 http fetch GET 200 https://registry.npmjs.org/strip-final-newline/-/strip-final-newline-2.0.0.tgz 1670ms (cache miss)
2324 http fetch GET 200 https://registry.npmjs.org/@babel/plugin-syntax-bigint/-/plugin-syntax-bigint-7.8.3.tgz 1675ms (cache miss)
2325 http fetch GET 200 https://registry.npmjs.org/@babel/plugin-syntax-json-strings/-/plugin-syntax-json-strings-7.8.3.tgz 1706ms (cache miss)
2326 http fetch GET 200 https://registry.npmjs.org/wrap-ansi/-/wrap-ansi-7.0.0.tgz 1708ms (cache miss)
2327 http fetch GET 200 https://registry.npmjs.org/@types/babel__generator/-/babel__generator-7.27.0.tgz 1712ms (cache miss)
2328 http fetch GET 200 https://registry.npmjs.org/human-signals/-/human-signals-2.1.0.tgz 1712ms (cache miss)
2329 http fetch GET 200 https://registry.npmjs.org/get-stream/-/get-stream-6.0.1.tgz 1711ms (cache miss)
2330 http fetch GET 200 https://registry.npmjs.org/resolve-cwd/-/resolve-cwd-3.0.0.tgz 1711ms (cache miss)
2331 http fetch GET 200 https://registry.npmjs.org/babel-jest/-/babel-jest-30.4.1.tgz 1720ms (cache miss)
2332 http fetch GET 200 https://registry.npmjs.org/html-escaper/-/html-escaper-2.0.2.tgz 1731ms (cache miss)
2333 http fetch GET 200 https://registry.npmjs.org/make-dir/-/make-dir-4.0.0.tgz 1739ms (cache miss)
2334 http fetch GET 200 https://registry.npmjs.org/pkg-dir/-/pkg-dir-4.2.0.tgz 1867ms (cache miss)
2335 http fetch GET 200 https://registry.npmjs.org/@isaacs/cliui/-/cliui-8.0.2.tgz 1868ms (cache miss)
2336 http fetch GET 200 https://registry.npmjs.org/string-width/-/string-width-4.2.3.tgz 1882ms (cache miss)
2337 http fetch GET 200 https://registry.npmjs.org/strip-ansi/-/strip-ansi-6.0.1.tgz 1918ms (cache miss)
2338 http fetch GET 200 https://registry.npmjs.org/execa/-/execa-5.1.1.tgz 1922ms (cache miss)
2339 http fetch GET 200 https://registry.npmjs.org/package-json-from-dist/-/package-json-from-dist-1.0.1.tgz 1924ms (cache miss)
2340 http fetch GET 200 https://registry.npmjs.org/@pkgjs/parseargs/-/parseargs-0.11.0.tgz 1930ms (cache miss)
2341 http fetch GET 200 https://registry.npmjs.org/@jest/get-type/-/get-type-30.1.0.tgz 1934ms (cache miss)
2342 http fetch GET 200 https://registry.npmjs.org/node-releases/-/node-releases-2.0.50.tgz 1939ms (cache miss)
2343 http fetch GET 200 https://registry.npmjs.org/update-browserslist-db/-/update-browserslist-db-1.2.3.tgz 1940ms (cache miss)
2344 http fetch GET 200 https://registry.npmjs.org/path-scurry/-/path-scurry-1.11.1.tgz 1951ms (cache miss)
2345 http fetch GET 200 https://registry.npmjs.org/test-exclude/-/test-exclude-6.0.0.tgz 1953ms (cache miss)
2346 http fetch GET 200 https://registry.npmjs.org/get-package-type/-/get-package-type-0.1.0.tgz 1953ms (cache miss)
2347 http fetch GET 200 https://registry.npmjs.org/@types/babel__traverse/-/babel__traverse-7.28.0.tgz 1965ms (cache miss)
2348 http fetch GET 200 https://registry.npmjs.org/@types/yargs-parser/-/yargs-parser-21.0.3.tgz 1960ms (cache miss)
2349 http fetch GET 200 https://registry.npmjs.org/@unrs/resolver-binding-darwin-arm64/-/resolver-binding-darwin-arm64-1.12.2.tgz 1989ms (cache miss)
2350 http fetch GET 200 https://registry.npmjs.org/baseline-browser-mapping/-/baseline-browser-mapping-2.10.40.tgz 1967ms (cache miss)
2351 http fetch GET 200 https://registry.npmjs.org/foreground-child/-/foreground-child-3.3.1.tgz 1981ms (cache miss)
2352 http fetch GET 200 https://registry.npmjs.org/jackspeak/-/jackspeak-3.4.3.tgz 1986ms (cache miss)
2353 http fetch GET 200 https://registry.npmjs.org/@istanbuljs/schema/-/schema-0.1.6.tgz 1986ms (cache miss)
2354 http fetch GET 200 https://registry.npmjs.org/supports-color/-/supports-color-7.2.0.tgz 2023ms (cache miss)
2355 http fetch GET 200 https://registry.npmjs.org/@babel/helper-plugin-utils/-/helper-plugin-utils-7.29.7.tgz 2080ms (cache miss)
2356 http fetch GET 200 https://registry.npmjs.org/@babel/helper-string-parser/-/helper-string-parser-7.29.7.tgz 2103ms (cache miss)
2357 http fetch GET 200 https://registry.npmjs.org/@istanbuljs/load-nyc-config/-/load-nyc-config-1.1.0.tgz 2106ms (cache miss)
2358 http fetch GET 200 https://registry.npmjs.org/@jest/test-sequencer/-/test-sequencer-30.4.1.tgz 2127ms (cache miss)
2359 http fetch GET 200 https://registry.npmjs.org/browserslist/-/browserslist-4.28.4.tgz 2163ms (cache miss)
2360 http fetch GET 200 https://registry.npmjs.org/electron-to-chromium/-/electron-to-chromium-1.5.379.tgz 2206ms (cache miss)
2361 http fetch GET 200 https://registry.npmjs.org/@jridgewell/resolve-uri/-/resolve-uri-3.1.2.tgz 2243ms (cache miss)
2362 http fetch GET 200 https://registry.npmjs.org/@types/istanbul-reports/-/istanbul-reports-3.0.4.tgz 2246ms (cache miss)
2363 http fetch GET 200 https://registry.npmjs.org/jsesc/-/jsesc-3.1.0.tgz 2244ms (cache miss)
2364 http fetch GET 200 https://registry.npmjs.org/@babel/helper-globals/-/helper-globals-7.29.7.tgz 2246ms (cache miss)
2365 http fetch GET 200 https://registry.npmjs.org/camelcase/-/camelcase-5.3.1.tgz 2251ms (cache miss)
2366 http fetch GET 200 https://registry.npmjs.org/@babel/helper-module-imports/-/helper-module-imports-7.29.7.tgz 2251ms (cache miss)
2367 http fetch GET 200 https://registry.npmjs.org/@types/istanbul-lib-report/-/istanbul-lib-report-3.0.3.tgz 2255ms (cache miss)
2368 http fetch GET 200 https://registry.npmjs.org/@jridgewell/sourcemap-codec/-/sourcemap-codec-1.5.5.tgz 2258ms (cache miss)
2369 http fetch GET 200 https://registry.npmjs.org/gensync/-/gensync-1.0.0-beta.2.tgz 2279ms (cache miss)
2370 http fetch GET 200 https://registry.npmjs.org/@emnapi/core/-/core-1.10.0.tgz 2319ms (cache miss)
2371 http fetch GET 200 https://registry.npmjs.org/@babel/template/-/template-7.29.7.tgz 2369ms (cache miss)
2372 http fetch GET 200 https://registry.npmjs.org/lru-cache/-/lru-cache-5.1.1.tgz 2374ms (cache miss)
2373 http fetch GET 200 https://registry.npmjs.org/@babel/helper-validator-option/-/helper-validator-option-7.29.7.tgz 2374ms (cache miss)
2374 http fetch GET 200 https://registry.npmjs.org/@jridgewell/remapping/-/remapping-2.3.5.tgz 2373ms (cache miss)
2375 http fetch GET 200 https://registry.npmjs.org/@jest/schemas/-/schemas-30.4.1.tgz 2379ms (cache miss)
2376 http fetch GET 200 https://registry.npmjs.org/@babel/compat-data/-/compat-data-7.29.7.tgz 2383ms (cache miss)
2377 http fetch GET 200 https://registry.npmjs.org/convert-source-map/-/convert-source-map-2.0.0.tgz 2392ms (cache miss)
2378 http fetch GET 200 https://registry.npmjs.org/@jridgewell/gen-mapping/-/gen-mapping-0.3.13.tgz 2403ms (cache miss)
2379 http fetch GET 200 https://registry.npmjs.org/@babel/helper-compilation-targets/-/helper-compilation-targets-7.29.7.tgz 2426ms (cache miss)
2380 http fetch GET 200 https://registry.npmjs.org/v8-to-istanbul/-/v8-to-istanbul-9.3.0.tgz 2436ms (cache miss)
2381 http fetch GET 200 https://registry.npmjs.org/pirates/-/pirates-4.0.7.tgz 2445ms (cache miss)
2382 http fetch GET 200 https://registry.npmjs.org/string-length/-/string-length-4.0.2.tgz 2461ms (cache miss)
2383 http fetch GET 200 https://registry.npmjs.org/@babel/parser/-/parser-7.29.7.tgz 2491ms (cache miss)
2384 http fetch GET 200 https://registry.npmjs.org/write-file-atomic/-/write-file-atomic-5.0.1.tgz 2506ms (cache miss)
2385 http fetch GET 200 https://registry.npmjs.org/caniuse-lite/-/caniuse-lite-1.0.30001799.tgz 2533ms (cache miss)
2386 http fetch GET 200 https://registry.npmjs.org/@babel/traverse/-/traverse-7.29.7.tgz 2524ms (cache miss)
2387 http fetch GET 200 https://registry.npmjs.org/istanbul-lib-source-maps/-/istanbul-lib-source-maps-5.0.6.tgz 2522ms (cache miss)
2388 http fetch GET 200 https://registry.npmjs.org/@types/istanbul-lib-coverage/-/istanbul-lib-coverage-2.0.6.tgz 2832ms (cache miss)
2389 http fetch GET 200 https://registry.npmjs.org/babel-plugin-istanbul/-/babel-plugin-istanbul-7.0.1.tgz 2834ms (cache miss)
2390 http fetch GET 200 https://registry.npmjs.org/@types/yargs/-/yargs-17.0.35.tgz 2846ms (cache miss)
2391 http fetch GET 200 https://registry.npmjs.org/istanbul-lib-report/-/istanbul-lib-report-3.0.1.tgz 2842ms (cache miss)
2392 http fetch GET 200 https://registry.npmjs.org/jest-worker/-/jest-worker-30.4.1.tgz 2897ms (cache miss)
2393 http fetch GET 200 https://registry.npmjs.org/@babel/helper-module-transforms/-/helper-module-transforms-7.29.7.tgz 2900ms (cache miss)
2394 http fetch GET 200 https://registry.npmjs.org/collect-v8-coverage/-/collect-v8-coverage-1.0.3.tgz 2916ms (cache miss)
2395 http fetch GET 200 https://registry.npmjs.org/jest-watcher/-/jest-watcher-30.4.1.tgz 2917ms (cache miss)
2396 http fetch GET 200 https://registry.npmjs.org/slash/-/slash-3.0.0.tgz 2920ms (cache miss)
2397 http fetch GET 200 https://registry.npmjs.org/jest-util/-/jest-util-30.4.1.tgz 2929ms (cache miss)
2398 http fetch GET 200 https://registry.npmjs.org/jest-validate/-/jest-validate-30.4.1.tgz 2941ms (cache miss)
2399 http fetch GET 200 https://registry.npmjs.org/jest-snapshot/-/jest-snapshot-30.4.1.tgz 2945ms (cache miss)
2400 http fetch GET 200 https://registry.npmjs.org/istanbul-lib-coverage/-/istanbul-lib-coverage-3.2.2.tgz 2948ms (cache miss)
2401 http fetch GET 200 https://registry.npmjs.org/jest-resolve-dependencies/-/jest-resolve-dependencies-30.4.2.tgz 2946ms (cache miss)
2402 http fetch GET 200 https://registry.npmjs.org/istanbul-lib-instrument/-/istanbul-lib-instrument-6.0.3.tgz 2953ms (cache miss)
2403 http fetch GET 200 https://registry.npmjs.org/pretty-format/-/pretty-format-30.4.1.tgz 2958ms (cache miss)
2404 http fetch GET 200 https://registry.npmjs.org/jest-runner/-/jest-runner-30.4.2.tgz 2958ms (cache miss)
2405 http fetch GET 200 https://registry.npmjs.org/jest-haste-map/-/jest-haste-map-30.4.1.tgz 2961ms (cache miss)
2406 http fetch GET 200 https://registry.npmjs.org/jest-resolve/-/jest-resolve-30.4.1.tgz 2962ms (cache miss)
2407 http fetch GET 200 https://registry.npmjs.org/jest-message-util/-/jest-message-util-30.4.1.tgz 2965ms (cache miss)
2408 http fetch GET 200 https://registry.npmjs.org/jest-config/-/jest-config-30.4.2.tgz 2968ms (cache miss)
2409 http fetch GET 200 https://registry.npmjs.org/jest-regex-util/-/jest-regex-util-30.4.0.tgz 2973ms (cache miss)
2410 http fetch GET 200 https://registry.npmjs.org/json5/-/json5-2.2.3.tgz 2984ms (cache miss)
2411 http fetch GET 200 https://registry.npmjs.org/graceful-fs/-/graceful-fs-4.2.11.tgz 2984ms (cache miss)
2412 http fetch GET 200 https://registry.npmjs.org/jest-changed-files/-/jest-changed-files-30.4.1.tgz 2984ms (cache miss)
2413 http fetch GET 200 https://registry.npmjs.org/@babel/generator/-/generator-7.29.7.tgz 2993ms (cache miss)
2414 http fetch GET 200 https://registry.npmjs.org/import-local/-/import-local-3.2.0.tgz 2995ms (cache miss)
2415 http fetch GET 200 https://registry.npmjs.org/ci-info/-/ci-info-4.4.0.tgz 2998ms (cache miss)
2416 http fetch GET 200 https://registry.npmjs.org/minipass/-/minipass-7.1.3.tgz 3024ms (cache miss)
2417 http fetch GET 200 https://registry.npmjs.org/jest/-/jest-30.4.2.tgz 3051ms (cache miss)
2418 http fetch GET 200 https://registry.npmjs.org/jest-cli/-/jest-cli-30.4.2.tgz 3057ms (cache miss)
2419 http fetch GET 200 https://registry.npmjs.org/mime-db/-/mime-db-1.52.0.tgz 3060ms (cache miss)
2420 http fetch GET 200 https://registry.npmjs.org/chalk/-/chalk-4.1.2.tgz 3063ms (cache miss)
2421 http fetch GET 200 https://registry.npmjs.org/@jest/test-result/-/test-result-30.4.1.tgz 3069ms (cache miss)
2422 http fetch GET 200 https://registry.npmjs.org/@jest/reporters/-/reporters-30.4.1.tgz 3071ms (cache miss)
2423 http fetch GET 200 https://registry.npmjs.org/signal-exit/-/signal-exit-3.0.7.tgz 3111ms (cache miss)
2424 http fetch GET 200 https://registry.npmjs.org/exit-x/-/exit-x-0.2.2.tgz 3116ms (cache miss)
2425 http fetch GET 200 https://registry.npmjs.org/jest-runtime/-/jest-runtime-30.4.2.tgz 3163ms (cache miss)
2426 http fetch GET 200 https://registry.npmjs.org/@jest/transform/-/transform-30.4.1.tgz 3173ms (cache miss)
2427 http fetch GET 200 https://registry.npmjs.org/ansi-regex/-/ansi-regex-5.0.1.tgz 3175ms (cache miss)
2428 http fetch GET 200 https://registry.npmjs.org/string-width/-/string-width-4.2.3.tgz 3254ms (cache miss)
2429 http fetch GET 200 https://registry.npmjs.org/mime-types/-/mime-types-2.1.35.tgz 3281ms (cache miss)
2430 http fetch GET 200 https://registry.npmjs.org/@jest/types/-/types-30.4.1.tgz 3304ms (cache miss)
2431 http fetch GET 200 https://registry.npmjs.org/@jest/pattern/-/pattern-30.4.0.tgz 3308ms (cache miss)
2432 http fetch GET 200 https://registry.npmjs.org/@bcoe/v8-coverage/-/v8-coverage-0.2.3.tgz 3343ms (cache miss)
2433 http fetch GET 200 https://registry.npmjs.org/emoji-regex/-/emoji-regex-8.0.0.tgz 3336ms (cache miss)
2434 http fetch GET 200 https://registry.npmjs.org/@jest/console/-/console-30.4.1.tgz 3340ms (cache miss)
2435 http fetch GET 200 https://registry.npmjs.org/ansi-regex/-/ansi-regex-5.0.1.tgz 3338ms (cache miss)
2436 http fetch GET 200 https://registry.npmjs.org/is-fullwidth-code-point/-/is-fullwidth-code-point-3.0.0.tgz 3349ms (cache miss)
2437 http fetch GET 200 https://registry.npmjs.org/escape-string-regexp/-/escape-string-regexp-2.0.0.tgz 3352ms (cache miss)
2438 http fetch GET 200 https://registry.npmjs.org/onetime/-/onetime-5.1.2.tgz 3355ms (cache miss)
2439 http fetch GET 200 https://registry.npmjs.org/ansi-styles/-/ansi-styles-4.3.0.tgz 3363ms (cache miss)
2440 http fetch GET 200 https://registry.npmjs.org/strip-ansi/-/strip-ansi-6.0.1.tgz 3372ms (cache miss)
2441 http fetch GET 200 https://registry.npmjs.org/strip-ansi/-/strip-ansi-6.0.1.tgz 3373ms (cache miss)
2442 http fetch GET 200 https://registry.npmjs.org/is-fullwidth-code-point/-/is-fullwidth-code-point-3.0.0.tgz 3373ms (cache miss)
2443 http fetch GET 200 https://registry.npmjs.org/@jridgewell/trace-mapping/-/trace-mapping-0.3.31.tgz 3383ms (cache miss)
2444 http fetch GET 200 https://registry.npmjs.org/ansi-regex/-/ansi-regex-5.0.1.tgz 3390ms (cache miss)
2445 http fetch GET 200 https://registry.npmjs.org/string-width/-/string-width-5.1.2.tgz 3419ms (cache miss)
2446 http fetch GET 200 https://registry.npmjs.org/picomatch/-/picomatch-2.3.2.tgz 3434ms (cache miss)
2447 http fetch GET 200 https://registry.npmjs.org/find-up/-/find-up-4.1.0.tgz 3444ms (cache miss)
2448 http fetch GET 200 https://registry.npmjs.org/balanced-match/-/balanced-match-1.0.2.tgz 3446ms (cache miss)
2449 http fetch GET 200 https://registry.npmjs.org/p-limit/-/p-limit-2.3.0.tgz 3446ms (cache miss)
2450 http fetch GET 200 https://registry.npmjs.org/p-locate/-/p-locate-4.1.0.tgz 3454ms (cache miss)
2451 http fetch GET 200 https://registry.npmjs.org/wrap-ansi/-/wrap-ansi-8.1.0.tgz 3460ms (cache miss)
2452 http fetch GET 200 https://registry.npmjs.org/supertest/-/supertest-7.2.2.tgz 3468ms (cache miss)
2453 http fetch GET 200 https://registry.npmjs.org/emoji-regex/-/emoji-regex-8.0.0.tgz 3469ms (cache miss)
2454 http fetch GET 200 https://registry.npmjs.org/brace-expansion/-/brace-expansion-1.1.15.tgz 3470ms (cache miss)
2455 http fetch GET 200 https://registry.npmjs.org/p-locate/-/p-locate-4.1.0.tgz 3469ms (cache miss)
2456 http fetch GET 200 https://registry.npmjs.org/@jest/core/-/core-30.4.2.tgz 3476ms (cache miss)
2457 http fetch GET 200 https://registry.npmjs.org/locate-path/-/locate-path-5.0.0.tgz 3481ms (cache miss)
2458 http fetch GET 200 https://registry.npmjs.org/p-limit/-/p-limit-2.3.0.tgz 3480ms (cache miss)
2459 http fetch GET 200 https://registry.npmjs.org/minimatch/-/minimatch-3.1.5.tgz 3488ms (cache miss)
2460 http fetch GET 200 https://registry.npmjs.org/emoji-regex/-/emoji-regex-9.2.2.tgz 3494ms (cache miss)
2461 http fetch GET 200 https://registry.npmjs.org/ansi-regex/-/ansi-regex-5.0.1.tgz 3494ms (cache miss)
2462 http fetch GET 200 https://registry.npmjs.org/glob/-/glob-7.2.3.tgz 3497ms (cache miss)
2463 warn deprecated glob@7.2.3: Old versions of glob are not supported, and contain widely publicized security vulnerabilities, which have been fixed in the current version. Please update. Support for old versions may be purchased (at exorbitant rates) by contacting i@izs.me
2464 http fetch GET 200 https://registry.npmjs.org/find-up/-/find-up-4.1.0.tgz 3502ms (cache miss)
2465 http fetch GET 200 https://registry.npmjs.org/locate-path/-/locate-path-5.0.0.tgz 3502ms (cache miss)
2466 http fetch GET 200 https://registry.npmjs.org/balanced-match/-/balanced-match-1.0.2.tgz 3511ms (cache miss)
2467 http fetch GET 200 https://registry.npmjs.org/istanbul-reports/-/istanbul-reports-3.2.0.tgz 3536ms (cache miss)
2468 http fetch GET 200 https://registry.npmjs.org/strip-ansi/-/strip-ansi-6.0.1.tgz 3523ms (cache miss)
2469 http fetch GET 200 https://registry.npmjs.org/ansi-styles/-/ansi-styles-5.2.0.tgz 3532ms (cache miss)
2470 http fetch GET 200 https://registry.npmjs.org/semver/-/semver-6.3.1.tgz 3535ms (cache miss)
2471 http fetch GET 200 https://registry.npmjs.org/camelcase/-/camelcase-6.3.0.tgz 3535ms (cache miss)
2472 http fetch GET 200 https://registry.npmjs.org/glob/-/glob-10.5.0.tgz 3549ms (cache miss)
2473 http fetch GET 200 https://registry.npmjs.org/ansi-styles/-/ansi-styles-4.3.0.tgz 3539ms (cache miss)
2474 http fetch GET 200 https://registry.npmjs.org/is-fullwidth-code-point/-/is-fullwidth-code-point-3.0.0.tgz 3541ms (cache miss)
2475 warn deprecated glob@10.5.0: Old versions of glob are not supported, and contain widely publicized security vulnerabilities, which have been fixed in the current version. Please update. Support for old versions may be purchased (at exorbitant rates) by contacting i@izs.me
2476 http fetch GET 200 https://registry.npmjs.org/emoji-regex/-/emoji-regex-8.0.0.tgz 3544ms (cache miss)
2477 http fetch GET 200 https://registry.npmjs.org/ansi-escapes/-/ansi-escapes-4.3.2.tgz 3546ms (cache miss)
2478 http fetch GET 200 https://registry.npmjs.org/string-width/-/string-width-4.2.3.tgz 3546ms (cache miss)
2479 http fetch GET 200 https://registry.npmjs.org/supports-color/-/supports-color-8.1.1.tgz 3547ms (cache miss)
2480 http fetch GET 200 https://registry.npmjs.org/semver/-/semver-6.3.1.tgz 3552ms (cache miss)
2481 http fetch GET 200 https://registry.npmjs.org/ansi-regex/-/ansi-regex-5.0.1.tgz 3572ms (cache miss)
2482 http fetch GET 200 https://registry.npmjs.org/strip-ansi/-/strip-ansi-6.0.1.tgz 3580ms (cache miss)
2483 http fetch GET 200 https://registry.npmjs.org/argparse/-/argparse-1.0.10.tgz 3599ms (cache miss)
2484 http fetch GET 200 https://registry.npmjs.org/ansi-escapes/-/ansi-escapes-4.3.2.tgz 3600ms (cache miss)
2485 http fetch GET 200 https://registry.npmjs.org/wrap-ansi/-/wrap-ansi-7.0.0.tgz 3603ms (cache miss)
2486 http fetch GET 200 https://registry.npmjs.org/yargs-parser/-/yargs-parser-21.1.1.tgz 3605ms (cache miss)
2487 http fetch GET 200 https://registry.npmjs.org/cliui/-/cliui-8.0.1.tgz 3634ms (cache miss)
2488 http fetch GET 200 https://registry.npmjs.org/lru-cache/-/lru-cache-10.4.3.tgz 3645ms (cache miss)
2489 http fetch GET 200 https://registry.npmjs.org/@babel/core/-/core-7.29.7.tgz 3675ms (cache miss)
2490 http fetch GET 200 https://registry.npmjs.org/@babel/helpers/-/helpers-7.29.7.tgz 3691ms (cache miss)
2491 http fetch GET 200 https://registry.npmjs.org/ansi-styles/-/ansi-styles-4.3.0.tgz 3678ms (cache miss)
2492 http fetch GET 200 https://registry.npmjs.org/brace-expansion/-/brace-expansion-2.1.1.tgz 3700ms (cache miss)
2493 http fetch GET 200 https://registry.npmjs.org/js-yaml/-/js-yaml-3.14.2.tgz 3712ms (cache miss)
2494 http fetch GET 200 https://registry.npmjs.org/@babel/types/-/types-7.29.7.tgz 3745ms (cache miss)
2495 http fetch GET 200 https://registry.npmjs.org/@sinclair/typebox/-/typebox-0.34.49.tgz 3948ms (cache miss)
2496 http fetch GET 200 https://registry.npmjs.org/yargs/-/yargs-17.7.3.tgz 4111ms (cache miss)
2497 http fetch GET 200 https://registry.npmjs.org/minimatch/-/minimatch-9.0.9.tgz 4189ms (cache miss)
2498 info run fsevents@2.3.3 install node_modules/fsevents node-gyp rebuild
2499 info run fsevents@2.3.3 install { code: 1, signal: null }
2500 verbose reify failed optional dependency /Volumes/RespaldoMacbook/UTNG/GROUP-MUSICAL/api-musical-group/node_modules/fsevents
2501 silly reify mark deleted [
2501 silly reify   '/Volumes/RespaldoMacbook/UTNG/GROUP-MUSICAL/api-musical-group/node_modules/fsevents'
2501 silly reify ]
2502 info run unrs-resolver@1.12.2 postinstall node_modules/unrs-resolver node postinstall.js
2503 info run unrs-resolver@1.12.2 postinstall { code: 0, signal: null }
2504 silly ADD node_modules/concat-map
2505 silly ADD node_modules/path-is-absolute
2506 silly ADD node_modules/inflight
2507 silly ADD node_modules/fs.realpath
2508 silly ADD node_modules/require-directory
2509 silly ADD node_modules/mimic-fn
2510 silly ADD node_modules/color-name
2511 silly ADD node_modules/color-convert
2512 silly ADD node_modules/type-fest
2513 silly ADD node_modules/p-try
2514 silly ADD node_modules/sprintf-js
2515 silly ADD node_modules/esprima
2516 silly ADD node_modules/eastasianwidth
2517 silly ADD node_modules/tmpl
2518 silly ADD node_modules/makeerror
2519 silly ADD
2520 silly ADD
2521 silly ADD
2522 silly ADD
2523 silly ADD
2524 silly ADD
2525 silly ADD node_modules/napi-postinstall
2526 silly ADD
2527 silly ADD
2528 silly ADD
2529 silly ADD
2530 silly ADD
2531 silly ADD
2532 silly ADD
2533 silly ADD
2534 silly ADD
2535 silly ADD
2536 silly ADD
2537 silly ADD
2538 silly ADD
2539 silly ADD
2540 silly ADD
2541 silly ADD
2542 silly ADD
2543 silly ADD
2544 silly ADD
2545 silly ADD node_modules/@unrs/resolver-binding-darwin-arm64
2546 silly ADD
2547 silly ADD
2548 silly ADD node_modules/@pkgr/core
2549 silly ADD node_modules/has-flag
2550 silly ADD node_modules/asap
2551 silly ADD node_modules/@noble/hashes
2552 silly ADD node_modules/dezalgo
2553 silly ADD node_modules/@paralleldrive/cuid2
2554 silly ADD node_modules/has-tostringtag
2555 silly ADD node_modules/delayed-stream
2556 silly ADD node_modules/es-set-tostringtag
2557 silly ADD node_modules/combined-stream
2558 silly ADD node_modules/asynckit
2559 silly ADD node_modules/mime
2560 silly ADD node_modules/formidable
2561 silly ADD node_modules/form-data
2562 silly ADD node_modules/form-data/node_modules/mime-db
2563 silly ADD node_modules/form-data/node_modules/mime-types
2564 silly ADD node_modules/fast-safe-stringify
2565 silly ADD node_modules/cookiejar
2566 silly ADD node_modules/component-emitter
2567 silly ADD node_modules/superagent
2568 silly ADD node_modules/methods
2569 silly ADD node_modules/char-regex
2570 silly ADD node_modules/source-map
2571 silly ADD node_modules/buffer-from
2572 silly ADD node_modules/react-is-19
2573 silly ADD node_modules/react-is-18
2574 silly ADD node_modules/yallist
2575 silly ADD node_modules/@ungap/structured-clone
2576 silly ADD node_modules/leven
2577 silly ADD node_modules/synckit
2578 silly ADD node_modules/@jest/snapshot-utils
2579 silly ADD node_modules/@babel/plugin-syntax-typescript
2580 silly ADD node_modules/@babel/plugin-syntax-jsx
2581 silly ADD node_modules/strip-bom
2582 silly ADD node_modules/cjs-module-lexer
2583 silly ADD node_modules/@jest/source-map
2584 silly ADD node_modules/@jest/globals
2585 silly ADD node_modules/source-map-support
2586 silly ADD node_modules/jest-leak-detector
2587 silly ADD node_modules/emittery
2588 silly ADD node_modules/unrs-resolver
2589 silly ADD node_modules/jest-pnp-resolver
2590 silly ADD node_modules/@types/stack-utils
2591 silly ADD node_modules/@jest/diff-sequences
2592 silly ADD node_modules/jest-diff
2593 silly ADD node_modules/node-int64
2594 silly ADD node_modules/bser
2595 silly ADD node_modules/normalize-path
2596 silly ADD node_modules/walker
2597 silly ADD
2598 silly ADD node_modules/fb-watchman
2599 silly ADD node_modules/anymatch
2600 silly ADD node_modules/anymatch/node_modules/picomatch
2601 silly ADD node_modules/detect-newline
2602 silly ADD node_modules/@jest/expect-utils
2603 silly ADD node_modules/type-detect
2604 silly ADD node_modules/@sinonjs/commons
2605 silly ADD node_modules/@sinonjs/fake-timers
2606 silly ADD node_modules/expect
2607 silly ADD node_modules/jest-mock
2608 silly ADD node_modules/@jest/fake-timers
2609 silly ADD node_modules/stack-utils
2610 silly ADD node_modules/stack-utils/node_modules/escape-string-regexp
2611 silly ADD node_modules/pure-rand
2612 silly ADD node_modules/jest-matcher-utils
2613 silly ADD node_modules/jest-each
2614 silly ADD node_modules/is-generator-fn
2615 silly ADD node_modules/dedent
2616 silly ADD node_modules/co
2617 silly ADD node_modules/@jest/expect
2618 silly ADD node_modules/@jest/environment
2619 silly ADD node_modules/@babel/plugin-syntax-top-level-await
2620 silly ADD node_modules/@babel/plugin-syntax-private-property-in-object
2621 silly ADD node_modules/@babel/plugin-syntax-optional-chaining
2622 silly ADD node_modules/@babel/plugin-syntax-optional-catch-binding
2623 silly ADD node_modules/@babel/plugin-syntax-object-rest-spread
2624 silly ADD node_modules/@babel/plugin-syntax-numeric-separator
2625 silly ADD node_modules/@babel/plugin-syntax-nullish-coalescing-operator
2626 silly ADD node_modules/@babel/plugin-syntax-logical-assignment-operators
2627 silly ADD node_modules/@babel/plugin-syntax-json-strings
2628 silly ADD node_modules/@babel/plugin-syntax-import-meta
2629 silly ADD node_modules/@babel/plugin-syntax-import-attributes
2630 silly ADD node_modules/@babel/plugin-syntax-class-static-block
2631 silly ADD node_modules/@babel/plugin-syntax-class-properties
2632 silly ADD node_modules/@babel/plugin-syntax-bigint
2633 silly ADD node_modules/@babel/plugin-syntax-async-generators
2634 silly ADD node_modules/babel-preset-current-node-syntax
2635 silly ADD node_modules/babel-plugin-jest-hoist
2636 silly ADD node_modules/@types/babel__traverse
2637 silly ADD node_modules/@types/babel__template
2638 silly ADD node_modules/@types/babel__generator
2639 silly ADD node_modules/babel-preset-jest
2640 silly ADD node_modules/@types/babel__core
2641 silly ADD node_modules/strip-json-comments
2642 silly ADD node_modules/jest-environment-node
2643 silly ADD node_modules/jest-docblock
2644 silly ADD node_modules/jest-circus
2645 silly ADD node_modules/deepmerge
2646 silly ADD node_modules/babel-jest
2647 silly ADD node_modules/@jest/test-sequencer
2648 silly ADD node_modules/@jest/get-type
2649 silly ADD node_modules/strip-final-newline
2650 silly ADD node_modules/npm-run-path
2651 silly ADD node_modules/merge-stream
2652 silly ADD node_modules/is-stream
2653 silly ADD node_modules/human-signals
2654 silly ADD node_modules/get-stream
2655 silly ADD node_modules/execa
2656 silly ADD node_modules/execa/node_modules/signal-exit
2657 silly ADD node_modules/execa/node_modules/onetime
2658 silly ADD node_modules/wrap-ansi-cjs
2659 silly ADD node_modules/wrap-ansi-cjs/node_modules/ansi-regex
2660 silly ADD node_modules/wrap-ansi-cjs/node_modules/is-fullwidth-code-point
2661 silly ADD node_modules/wrap-ansi-cjs/node_modules/emoji-regex
2662 silly ADD node_modules/wrap-ansi-cjs/node_modules/strip-ansi
2663 silly ADD node_modules/wrap-ansi-cjs/node_modules/string-width
2664 silly ADD node_modules/wrap-ansi-cjs/node_modules/ansi-styles
2665 silly ADD node_modules/strip-ansi-cjs
2666 silly ADD node_modules/strip-ansi-cjs/node_modules/ansi-regex
2667 silly ADD node_modules/string-width-cjs
2668 silly ADD node_modules/string-width-cjs/node_modules/ansi-regex
2669 silly ADD node_modules/string-width-cjs/node_modules/strip-ansi
2670 silly ADD node_modules/string-width-cjs/node_modules/is-fullwidth-code-point
2671 silly ADD node_modules/string-width-cjs/node_modules/emoji-regex
2672 silly ADD node_modules/@pkgjs/parseargs
2673 silly ADD node_modules/@isaacs/cliui
2674 silly ADD node_modules/@isaacs/cliui/node_modules/emoji-regex
2675 silly ADD node_modules/@isaacs/cliui/node_modules/wrap-ansi
2676 silly ADD node_modules/@isaacs/cliui/node_modules/string-width
2677 silly ADD node_modules/html-escaper
2678 silly ADD node_modules/make-dir
2679 silly ADD node_modules/resolve-cwd
2680 silly ADD node_modules/pkg-dir
2681 silly ADD node_modules/pkg-dir/node_modules/p-limit
2682 silly ADD node_modules/pkg-dir/node_modules/p-locate
2683 silly ADD node_modules/pkg-dir/node_modules/locate-path
2684 silly ADD node_modules/pkg-dir/node_modules/find-up
2685 silly ADD node_modules/path-scurry
2686 silly ADD node_modules/path-scurry/node_modules/lru-cache
2687 silly ADD node_modules/package-json-from-dist
2688 silly ADD node_modules/minipass
2689 silly ADD node_modules/jackspeak
2690 silly ADD node_modules/foreground-child
2691 silly ADD node_modules/supports-color
2692 silly ADD node_modules/update-browserslist-db
2693 silly ADD node_modules/node-releases
2694 silly ADD node_modules/electron-to-chromium
2695 silly ADD node_modules/caniuse-lite
2696 silly ADD node_modules/baseline-browser-mapping
2697 silly ADD node_modules/get-package-type
2698 silly ADD node_modules/camelcase
2699 silly ADD node_modules/test-exclude
2700 silly ADD node_modules/test-exclude/node_modules/balanced-match
2701 silly ADD node_modules/test-exclude/node_modules/brace-expansion
2702 silly ADD node_modules/test-exclude/node_modules/minimatch
2703 silly ADD node_modules/test-exclude/node_modules/glob
2704 silly ADD node_modules/@istanbuljs/schema
2705 silly ADD node_modules/@istanbuljs/load-nyc-config
2706 silly ADD node_modules/@istanbuljs/load-nyc-config/node_modules/p-limit
2707 silly ADD node_modules/@istanbuljs/load-nyc-config/node_modules/p-locate
2708 silly ADD node_modules/@istanbuljs/load-nyc-config/node_modules/argparse
2709 silly ADD node_modules/@istanbuljs/load-nyc-config/node_modules/locate-path
2710 silly ADD node_modules/@istanbuljs/load-nyc-config/node_modules/js-yaml
2711 silly ADD node_modules/@istanbuljs/load-nyc-config/node_modules/find-up
2712 silly ADD node_modules/@babel/helper-plugin-utils
2713 silly ADD node_modules/@types/yargs-parser
2714 silly ADD node_modules/@types/istanbul-lib-report
2715 silly ADD node_modules/@jridgewell/resolve-uri
2716 silly ADD node_modules/@jridgewell/sourcemap-codec
2717 silly ADD node_modules/@sinclair/typebox
2718 silly ADD node_modules/@types/yargs
2719 silly ADD node_modules/@types/istanbul-reports
2720 silly ADD node_modules/@jest/schemas
2721 silly ADD node_modules/@babel/helper-string-parser
2722 silly ADD node_modules/@babel/helper-globals
2723 silly ADD node_modules/@babel/helper-module-imports
2724 silly ADD node_modules/lru-cache
2725 silly ADD node_modules/browserslist
2726 silly ADD node_modules/@babel/helper-validator-option
2727 silly ADD node_modules/@babel/compat-data
2728 silly ADD node_modules/jsesc
2729 silly ADD node_modules/@jridgewell/gen-mapping
2730 silly ADD node_modules/json5
2731 silly ADD node_modules/gensync
2732 silly ADD node_modules/@jridgewell/remapping
2733 silly ADD node_modules/@babel/types
2734 silly ADD node_modules/@babel/traverse
2735 silly ADD node_modules/@babel/template
2736 silly ADD node_modules/@babel/parser
2737 silly ADD node_modules/@babel/helpers
2738 silly ADD node_modules/@babel/helper-module-transforms
2739 silly ADD node_modules/@babel/helper-compilation-targets
2740 silly ADD node_modules/@babel/helper-compilation-targets/node_modules/semver
2741 silly ADD node_modules/@babel/generator
2742 silly ADD node_modules/write-file-atomic
2743 silly ADD node_modules/pirates
2744 silly ADD node_modules/convert-source-map
2745 silly ADD node_modules/babel-plugin-istanbul
2746 silly ADD node_modules/@babel/core
2747 silly ADD node_modules/@babel/core/node_modules/semver
2748 silly ADD node_modules/@types/istanbul-lib-coverage
2749 silly ADD node_modules/v8-to-istanbul
2750 silly ADD node_modules/string-length
2751 silly ADD node_modules/string-length/node_modules/ansi-regex
2752 silly ADD node_modules/string-length/node_modules/strip-ansi
2753 silly ADD node_modules/jest-worker
2754 silly ADD node_modules/jest-worker/node_modules/supports-color
2755 silly ADD node_modules/istanbul-reports
2756 silly ADD node_modules/istanbul-lib-source-maps
2757 silly ADD node_modules/istanbul-lib-report
2758 silly ADD node_modules/istanbul-lib-instrument
2759 silly ADD node_modules/istanbul-lib-coverage
2760 silly ADD node_modules/glob
2761 silly ADD node_modules/glob/node_modules/balanced-match
2762 silly ADD node_modules/glob/node_modules/brace-expansion
2763 silly ADD node_modules/glob/node_modules/minimatch
2764 silly ADD node_modules/collect-v8-coverage
2765 silly ADD node_modules/@jridgewell/trace-mapping
2766 silly ADD node_modules/@bcoe/v8-coverage
2767 silly ADD node_modules/slash
2768 silly ADD node_modules/pretty-format
2769 silly ADD node_modules/pretty-format/node_modules/ansi-styles
2770 silly ADD node_modules/jest-watcher
2771 silly ADD node_modules/jest-watcher/node_modules/ansi-escapes
2772 silly ADD node_modules/jest-validate
2773 silly ADD node_modules/jest-validate/node_modules/camelcase
2774 silly ADD node_modules/jest-util
2775 silly ADD node_modules/jest-snapshot
2776 silly ADD node_modules/jest-runtime
2777 silly ADD node_modules/jest-runner
2778 silly ADD node_modules/jest-resolve-dependencies
2779 silly ADD node_modules/jest-resolve
2780 silly ADD node_modules/jest-regex-util
2781 silly ADD node_modules/jest-message-util
2782 silly ADD node_modules/jest-haste-map
2783 silly ADD node_modules/jest-config
2784 silly ADD node_modules/jest-changed-files
2785 silly ADD node_modules/graceful-fs
2786 silly ADD node_modules/exit-x
2787 silly ADD node_modules/ci-info
2788 silly ADD node_modules/chalk
2789 silly ADD node_modules/chalk/node_modules/ansi-styles
2790 silly ADD node_modules/@jest/transform
2791 silly ADD node_modules/@jest/test-result
2792 silly ADD node_modules/@jest/reporters
2793 silly ADD node_modules/@jest/pattern
2794 silly ADD node_modules/@jest/console
2795 silly ADD node_modules/jest-cli
2796 silly ADD node_modules/jest-cli/node_modules/ansi-styles
2797 silly ADD node_modules/jest-cli/node_modules/ansi-regex
2798 silly ADD node_modules/jest-cli/node_modules/is-fullwidth-code-point
2799 silly ADD node_modules/jest-cli/node_modules/emoji-regex
2800 silly ADD node_modules/jest-cli/node_modules/wrap-ansi
2801 silly ADD node_modules/jest-cli/node_modules/strip-ansi
2802 silly ADD node_modules/jest-cli/node_modules/yargs-parser
2803 silly ADD node_modules/jest-cli/node_modules/string-width
2804 silly ADD node_modules/jest-cli/node_modules/cliui
2805 silly ADD node_modules/jest-cli/node_modules/yargs
2806 silly ADD node_modules/import-local
2807 silly ADD node_modules/@jest/types
2808 silly ADD node_modules/@jest/core
2809 silly ADD node_modules/@jest/core/node_modules/ansi-escapes
2810 silly ADD node_modules/supertest
2811 silly ADD node_modules/jest
2812 verbose cwd /Volumes/RespaldoMacbook/UTNG/GROUP-MUSICAL/api-musical-group
2813 verbose os Darwin 24.6.0
2814 verbose node v22.22.0
2815 verbose npm  v10.9.4
2816 verbose exit 0
2817 info ok
